SourceFiscalYearName,SourceFiscalYear,SARSname,Shorthand
2006-LB APACHE BLOCK III,2006,LB APACHE BLOCK III,AB3 APACHE Block III
2007-APACHE BLOCK III (AB3),2007,APACHE BLOCK III (AB3),AB3 APACHE Block III
2008-APACHE BLOCK III (AB3),2008,APACHE BLOCK III (AB3),AB3 APACHE Block III
2010-APACHE BLOCK III,2010,APACHE BLOCK III (AB3),AB3 APACHE Block III
2009-AB3,2009,AB3,AB3 APACHE Block III
2010-AB3A REMANUFACTURE,2010,AB3A REMANUFACTURE,AB3A REMANUFACTURE
2011-AB3A REMANUFACTURE,2011,AB3A REMANUFACTURE,AB3A REMANUFACTURE
2010-AB3B NEW BUILD,2010,AB3B NEW BUILD,AB3B NEW BUILD
2011-AB3B NEW BUILD,2011,AB3B NEW BUILD,AB3B NEW BUILD
2004-ACS,2004,ACS,ACS
2005-ACS,2005,ACS,ACS
2006-ADS,2006,ADS,ADS Increment Alpha
2007-ADS (AN/WQR-3),2007,ADS (AN/WQR-3),ADS Increment Alpha
2001-AEHF,2001,AEHF,AEHF
2002-AEHF,2002,AEHF,AEHF
2003-AEHF,2003,AEHF,AEHF
2004-AEHF,2004,AEHF,AEHF
2005-AEHF,2005,AEHF,AEHF
2006-AEHF,2006,AEHF,AEHF
2007-AEHF,2007,AEHF,AEHF
2008-AEHF,2008,AEHF,AEHF
2009-AEHF,2009,AEHF,AEHF
2010-AEHF,2010,AEHF,AEHF
2011-AEHF,2011,AEHF,AEHF
2001-AESA,2001,AESA,AESA
2002-AESA (RDT&E),2002,AESA (RDT&E),AESA
2003-AESA (RDT&E),2003,AESA (RDT&E),AESA
2004-AESA (RDT&E),2004,AESA (RDT&E),AESA
2005-AESA,2005,AESA,AESA
2003-AGM-88E (AARGM),2003,AGM-88E (AARGM),AGM-88E
2004-AGM-88E (AARGM),2004,AGM-88E (AARGM),AGM-88E
2005-AGM-88E (AARGM),2005,AGM-88E (AARGM),AGM-88E
2006-AGM-88E (AARGM),2006,AGM-88E (AARGM),AGM-88E
2007-AGM-88E AARGM,2007,AGM-88E AARGM,AGM-88E
2008-AGM-88E AARGM,2008,AGM-88E AARGM,AGM-88E
2009-AGM-88E AARGM,2009,AGM-88E AARGM,AGM-88E
2010-AGM-88E AARGM,2010,AGM-88E AARGM,AGM-88E
2011-AGM-88E AARGM,2011,AGM-88E AARGM,AGM-88E
2001-AIM-9X,2001,AIM-9X,AIM-9X
2002-AIM-9X,2002,AIM-9X,AIM-9X
2003-AIM-9X,2003,AIM-9X,AIM-9X
2004-AIM-9X,2004,AIM-9X,AIM-9X
2005-AIM-9X,2005,AIM-9X,AIM-9X
2006-AIM-9X,2006,AIM-9X,AIM-9X
2007-AIM-9X,2007,AIM-9X,AIM-9X
2008-AIM-9X,2008,AIM-9X,AIM-9X
2009-AIM-9X,2009,AIM-9X,AIM-9X
2010-AIM-9X,2010,AIM-9X,AIM-9X
2011-AIM-9X Block I,2011,AIM-9X Block I,AIM-9X Block I
2000-Air Force Subtotal,2000,Air Force Subtotal,Air Force Subtotal
2001-Air Force Subtotal,2001,Air Force Subtotal,Air Force Subtotal
2002-Air Force Subtotal,2002,Air Force Subtotal,Air Force Subtotal
2003-Air Force Subtotal,2003,Air Force Subtotal,Air Force Subtotal
2004-Air Force Subtotal,2004,Air Force Subtotal,Air Force Subtotal
2005-Air Force Subtotal,2005,Air Force Subtotal,Air Force Subtotal
2006-Air Force Subtotal,2006,Air Force Subtotal,Air Force Subtotal
2007-Air Force Subtotal,2007,Air Force Subtotal,Air Force Subtotal
2008-Air Force Subtotal,2008,Air Force Subtotal,Air Force Subtotal
2009-Air Force Subtotal,2009,Air Force Subtotal,Air Force Subtotal
2010-Air Force Subtotal,2010,Air Force Subtotal,Air Force Subtotal
2011-Air Force Subtotal,2011,Air Force Subtotal,Air Force Subtotal
2012-Air Force Subtotal,2012,Air Force Subtotal,Air Force Subtotal
2013-Air Force Subtotal,2013,Air Force Subtotal,Air Force Subtotal
2010-AMF JTRS,2010,AMF JTRS,AMF JTRS
2011-AMF JTRS,2011,AMF JTRS,AMF JTRS
2001-AMRAAM,2001,AMRAAM,AMRAAM
2002-AMRAAM,2002,AMRAAM,AMRAAM
2003-AMRAAM,2003,AMRAAM,AMRAAM
2004-AMRAAM,2004,AMRAAM,AMRAAM
2005-AMRAAM,2005,AMRAAM,AMRAAM
2006-AMRAAM,2006,AMRAAM,AMRAAM
2007-AMRAAM,2007,AMRAAM,AMRAAM
2008-AMRAAM,2008,AMRAAM,AMRAAM
2009-AMRAAM,2009,AMRAAM,AMRAAM
2010-AMRAAM,2010,AMRAAM,AMRAAM
2011-AMRAAM,2011,AMRAAM,AMRAAM
2005-ARH,2005,ARH,ARH
2006-ARH,2006,ARH,ARH
2007-ARH,2007,ARH,ARH
2008-ARH,2008,ARH,ARH
2000-Army Subtotal,2000,Army Subtotal,Army Subtotal
2001-Army Subtotal,2001,Army Subtotal,Army Subtotal
2002-Army Subtotal,2002,Army Subtotal,Army Subtotal
2003-Army Subtotal,2003,Army Subtotal,Army Subtotal
2004-Army Subtotal,2004,Army Subtotal,Army Subtotal
2005-Army Subtotal,2005,Army Subtotal,Army Subtotal
2006-Army Subtotal,2006,Army Subtotal,Army Subtotal
2007-Army Subtotal,2007,Army Subtotal,Army Subtotal
2008-Army Subtotal,2008,Army Subtotal,Army Subtotal
2009-Army Subtotal,2009,Army Subtotal,Army Subtotal
2010-Army Subtotal,2010,Army Subtotal,Army Subtotal
2011-Army Subtotal,2011,Army Subtotal,Army Subtotal
2012-Army Subtotal,2012,Army Subtotal,Army Subtotal
2013-Army Subtotal,2013,Army Subtotal,Army Subtotal
2003-ASDS,2003,ASDS,ASDS
2004-ASDS,2004,ASDS,ASDS
2005-ASDS,2005,ASDS,ASDS
2010-ASIP,2010,ASIP,ASIP
2001-ATACMS-BAT,2001,ATACMS-BAT,ATACMS-BAT
2002-ATACMS-BAT,2002,ATACMS-BAT,ATACMS-BAT
2001-ATIRCM/CMWS,2001,ATIRCM/CMWS,ATIRCM/CMWS
2002-ATIRCM/CMWS,2002,ATIRCM/CMWS,ATIRCM/CMWS
2003-ATIRCM/CMWS,2003,ATIRCM/CMWS,ATIRCM/CMWS
2004-ATIRCM/CMWS,2004,ATIRCM/CMWS,ATIRCM/CMWS
2005-ATIRCM/CMWS,2005,ATIRCM/CMWS,ATIRCM/CMWS
2006-ATIRCM/CMWS,2006,ATIRCM/CMWS,ATIRCM/CMWS
2007-ATIRCM/CMWS,2007,ATIRCM/CMWS,ATIRCM/CMWS
2008-ATIRCM/CMWS,2008,ATIRCM/CMWS,ATIRCM/CMWS
2009-ATIRCM/CMWS,2009,ATIRCM/CMWS,ATIRCM/CMWS
2009-ATIRCM/CMWS: CMWS,2009,ATIRCM/CMWS: CMWS,ATIRCM/CMWS SPLIT
2009-ATIRCM/CMWS: QRC,2009,ATIRCM/CMWS: QRC,ATIRCM/CMWS SPLIT
2010-ATIRCM/CMWS,2010,ATIRCM/CMWS,ATIRCM/CMWS
2010-ATIRCM/CMWS - ATIRCM QRC,2010,ATIRCM/CMWS - ATIRCM QRC,ATIRCM/CMWS SPLIT
2010-ATIRCM/CMWS - CMWS,2010,ATIRCM/CMWS - CMWS,ATIRCM/CMWS SPLIT
2001-AV-8B REMAN,2001,AV-8B REMAN,AV-8B REMANUFACTURE
2002-AV-8B REMANUFACTURE,2002,AV-8B REMANUFACTURE,AV-8B REMANUFACTURE
2001-AWACS RSIP (E-3),2001,AWACS RSIP (E-3),AWACS Upgrade
2002-AWACS RSIP (E-3),2002,AWACS RSIP (E-3),AWACS Upgrade
2003-AWACS RSIP (E-3),2003,AWACS RSIP (E-3),AWACS Upgrade
2001-B-1 CMUP,2001,B-1 CMUP,B-1B CMUP
2001-B-1B CMUP,2001,B-1B CMUP,B-1B CMUP
2002-B-1B CMUP,2002,B-1B CMUP,B-1B CMUP
2003-B-1B CMUP,2003,B-1B CMUP,B-1B CMUP
2004-B-1B CMUP,2004,B-1B CMUP,B-1B CMUP
2007-B-2 EHF INCREMENT 1,2007,B-2 EHF INCREMENT 1,B-2 EHF Increment I
2008-B-2 EHF INCREMENT 1,2008,B-2 EHF INCREMENT 1,B-2 EHF Increment I
2009-B-2 EHF SATCOM AND COMPUTER,2009,B-2 EHF SATCOM AND COMPUTER,B-2 EHF Increment I
2009-B-2 EHF SATCOM AND COMPUTER INCREMENT I,2009,B-2 EHF SATCOM AND COMPUTER INCREMENT I,B-2 EHF Increment I
2010-B-2 EHF SATCOM AND COMPUTER INCREMENT I,2010,B-2 EHF SATCOM AND COMPUTER INCREMENT I,B-2 EHF Increment I
2011-B-2 EHF SATCOM AND COMPUTER INCREMENT I,2011,B-2 EHF SATCOM AND COMPUTER INCREMENT I,B-2 EHF Increment I
2004-B-2 RMP,2004,B-2 RMP,B-2 RMP
2005-B-2 RMP,2005,B-2 RMP,B-2 RMP
2006-B-2 RMP,2006,B-2 RMP,B-2 RMP
2007-B-2 RMP,2007,B-2 RMP,B-2 RMP
2008-B-2 RMP,2008,B-2 RMP,B-2 RMP
2009-B-2 RMP,2009,B-2 RMP,B-2 RMP
2010-B-2 RMP,2010,B-2 RMP,B-2 RMP
2010-MQ-4C UAS BAMS,2010,MQ-4C UAS BAMS,BAMS
2011-MQ-4C UAS BAMS,2011,MQ-4C UAS BAMS,BAMS
2002-BMDS (RDT&E Only),2002,BMDS (RDT&E Only),BDMS (RDT&E)
2002-BMDS (RDT&E Only),2002,BMDS (RDT&E Only),BDMS (RDT&E)
2003-BMDS (RDT&E),2003,BMDS (RDT&E),BDMS (RDT&E)
2004-BMDS (RDT&E) CHEM,2004,BMDS (RDT&E) CHEM,BDMS (RDT&E)
2004-BMDS,2004,BMDS,BMDS
2005-BMDS,2005,BMDS,BMDS
2006-BMDS,2006,BMDS,BMDS
2007-BMDS,2007,BMDS,BMDS
2008-BMDS,2008,BMDS,BMDS
2009-BMDS,2009,BMDS,BMDS
2010-BMDS,2010,BMDS,BMDS
2011-BMDS,2011,BMDS,BMDS
2001-BRADLEY UPGRADE,2001,BRADLEY UPGRADE,BRADLEY UPGRADE
2002-BRADLEY UPGRADE,2002,BRADLEY UPGRADE,BRADLEY UPGRADE
2003-BRADLEY UPGRADE,2003,BRADLEY UPGRADE,BRADLEY UPGRADE
2004-BRADLEY UPGRADE,2004,BRADLEY UPGRADE,BRADLEY UPGRADE
2005-BRADLEY UPGRADE,2005,BRADLEY UPGRADE,BRADLEY UPGRADE
2006-BRADLEY UPGRADE,2006,BRADLEY UPGRADE,BRADLEY UPGRADE
2007-BRADLEY UPGRADE,2007,BRADLEY UPGRADE,BRADLEY UPGRADE
2008-BRADLEY UPGRADE,2008,BRADLEY UPGRADE,BRADLEY UPGRADE
2009-BRADLEY,2009,BRADLEY,BRADLEY UPGRADE
2009-BRADLEY UPGRADE,2009,BRADLEY UPGRADE,BRADLEY UPGRADE
2002-C-130 AMP,2002,C-130 AMP,C-130AMP
2003-C-130 AMP,2003,C-130 AMP,C-130AMP
2004-C-130 AMP,2004,C-130 AMP,C-130AMP
2005-C-130 AMP,2005,C-130 AMP,C-130AMP
2006-C-130 AMP,2006,C-130 AMP,C-130AMP
2007-C-130 AMP,2007,C-130 AMP,C-130AMP
2008-C-130 AMP,2008,C-130 AMP,C-130AMP
2009-C-130 AMP,2009,C-130 AMP,C-130AMP
2010-C-130 AMP,2010,C-130 AMP,C-130AMP
2011-C-130 AMP,2011,C-130 AMP,C-130AMP
2001-C-130J,2001,C-130J,C-130J
2002-C-130J,2002,C-130J,C-130J
2003-C-130J,2003,C-130J,C-130J
2004-C-130J,2004,C-130J,C-130J
2005-C-130J,2005,C-130J,C-130J
2006-C-130J,2006,C-130J,C-130J
2007-C-130J,2007,C-130J,C-130J
2008-C-130J,2008,C-130J,C-130J
2009-C-130J,2009,C-130J,C-130J
2010-C-130J,2010,C-130J,C-130J
2011-C-130J,2011,C-130J,C-130J
2001-C-17A,2001,C-17A,C-17A
2002-C-17A,2002,C-17A,C-17A
2003-C-17A,2003,C-17A,C-17A
2004-C-17A,2004,C-17A,C-17A
2005-C-17A,2005,C-17A,C-17A
2006-C-17A,2006,C-17A,C-17A
2007-C-17A,2007,C-17A,C-17A
2008-C-17A,2008,C-17A,C-17A
2009-C-17A,2009,C-17A,C-17A
2010-C-17A,2010,C-17A,C-17A
2006-C-5 AMP,2006,C-5 AMP,C-5 AMP
2007-C-5 AMP,2007,C-5 AMP,C-5 AMP
2008-C-5 AMP,2008,C-5 AMP,C-5 AMP
2009-C-5 AMP,2009,C-5 AMP,C-5 AMP
2010-C-5 AMP,2010,C-5 AMP,C-5 AMP
2002-C-5 RERP,2002,C-5 RERP,C-5 RERP
2003-C-5 RERP,2003,C-5 RERP,C-5 RERP
2004-C-5 RERP,2004,C-5 RERP,C-5 RERP
2005-C-5 RERP,2005,C-5 RERP,C-5 RERP
2006-C-5 RERP,2006,C-5 RERP,C-5 RERP
2007-C-5 RERP,2007,C-5 RERP,C-5 RERP
2008-C-5 RERP,2008,C-5 RERP,C-5 RERP
2009-C-5 RERP,2009,C-5 RERP,C-5 RERP
2010-C-5 RERP,2010,C-5 RERP,C-5 RERP
2011-C-5 RERP,2011,C-5 RERP,C-5 RERP
2001-CEC,2001,CEC,CEC
2002-CEC,2002,CEC,CEC
2003-CEC,2003,CEC,CEC
2004-CEC,2004,CEC,CEC
2005-CEC,2005,CEC,CEC
2006-CEC,2006,CEC,CEC
2007-CEC,2007,CEC,CEC
2008-CEC,2008,CEC,CEC
2009-CEC,2009,CEC,CEC
2010-CEC,2010,CEC,CEC
2011-CEC,2011,CEC,CEC
2001-CGS,2001,CGS,CGS
2001-CH-47F,2001,CH-47F,CH-47F
2002-CH-47F,2002,CH-47F,CH-47F
2003-CH-47F,2003,CH-47F,CH-47F
2004-CH-47F,2004,CH-47F,CH-47F
2005-CH-47F,2005,CH-47F,CH-47F
2006-CH-47F,2006,CH-47F,CH-47F
2007-CH-47F,2007,CH-47F,CH-47F
2008-CH-47F,2008,CH-47F,CH-47F
2009-CH-47F,2009,CH-47F,CH-47F
2010-CH-47F,2010,CH-47F,CH-47F
2011-CH-47F,2011,CH-47F,CH-47F
2006-CH-53K (HLR),2006,CH-53K (HLR),CH-53K
2007-CH-53K,2007,CH-53K,CH-53K
2008-CH-53K,2008,CH-53K,CH-53K
2009-CH-53K,2009,CH-53K,CH-53K
2010-CH-53K,2010,CH-53K,CH-53K
2011-CH-53K,2011,CH-53K,CH-53K
2001-CHEM DEMIL-COMBINED,2001,CHEM DEMIL-COMBINED,CHEM DEMIL-COMBINED
2002-CHEM DEMIL-COMBINED,2002,CHEM DEMIL-COMBINED,CHEM DEMIL-COMBINED
2003-CHEM DEMIL-COMBINED,2003,CHEM DEMIL-COMBINED,CHEM DEMIL-COMBINED
2004-DEMIL-ACWA CHEM,2004,DEMIL-ACWA CHEM,CHEM DEMIL-ACWA
2005-CHEM DEMIL-ACWA,2005,CHEM DEMIL-ACWA,CHEM DEMIL-ACWA
2006-CHEM DEMIL-ACWA,2006,CHEM DEMIL-ACWA,CHEM DEMIL-ACWA
2007-CHEM DEMIL-ACWA,2007,CHEM DEMIL-ACWA,CHEM DEMIL-ACWA
2008-CHEM DEMIL-ACWA,2008,CHEM DEMIL-ACWA,CHEM DEMIL-ACWA
2009-CHEM DEMIL-ACWA,2009,CHEM DEMIL-ACWA,CHEM DEMIL-ACWA
2010-CHEM DEMIL-ACWA,2010,CHEM DEMIL-ACWA,CHEM DEMIL-ACWA
2011-CHEM DEMIL-ACWA,2011,CHEM DEMIL-ACWA,CHEM DEMIL-ACWA
2004-DEMIL--CMA CHEM,2004,DEMIL--CMA CHEM,CHEM DEMIL-CMA
2005-CHEM DEMIL--CMA,2005,CHEM DEMIL--CMA,CHEM DEMIL-CMA
2006-CHEM DEMIL-CMA,2006,CHEM DEMIL-CMA,CHEM DEMIL-CMA
2007-CHEM DEMIL-CMA,2007,CHEM DEMIL-CMA,CHEM DEMIL-CMA
2008-CHEM DEMIL-CMA,2008,CHEM DEMIL-CMA,CHEM DEMIL-CMA
2009-CHEM DEMIL-CMA,2009,CHEM DEMIL-CMA,CHEM DEMIL-CMA
2010-CHEM DEMIL-CMA,2010,CHEM DEMIL-CMA,CHEM DEMIL-CMA
2011-CHEM DEMIL-CMA,2011,CHEM DEMIL-CMA,CHEM DEMIL-CMA
2004-DEMIL-NEWPORT,2004,DEMIL-NEWPORT,CHEM DEMIL-NEWPORT
2005-CHEM DEMIL-NEWPORT,2005,CHEM DEMIL-NEWPORT,CHEM DEMIL-NEWPORT
2006-CHEM DEMIL-NEWPORT,2006,CHEM DEMIL-NEWPORT,CHEM DEMIL-NEWPORT
2004-COBRA JUDY (RDT&E),2004,COBRA JUDY (RDT&E),COBRA JUDY REPLACEMENT
2005-COBRA JUDY,2005,COBRA JUDY,COBRA JUDY REPLACEMENT
2006-COBRA JUDY,2006,COBRA JUDY,COBRA JUDY REPLACEMENT
2007-COBRA JUDY REPLACEMENT,2007,COBRA JUDY REPLACEMENT,COBRA JUDY REPLACEMENT
2008-COBRA JUDY REPLACEMENT,2008,COBRA JUDY REPLACEMENT,COBRA JUDY REPLACEMENT
2009-COBRA JUDY REPLACEMENT,2009,COBRA JUDY REPLACEMENT,COBRA JUDY REPLACEMENT
2010-COBRA JUDY REPLACEMENT,2010,COBRA JUDY REPLACEMENT,COBRA JUDY REPLACEMENT
2011-COBRA JUDY REPLACEMENT,2011,COBRA JUDY REPLACEMENT,COBRA JUDY REPLACEMENT
2001-COMANCHE,2001,COMANCHE,COMANCHE
2002-COMANCHE,2002,COMANCHE,COMANCHE
2003-COMANCHE,2003,COMANCHE,COMANCHE
2001-CRUSADER (RDT&E),2001,CRUSADER (RDT&E),CRUSADER
2001-CVNX (RDT&E),2001,CVNX (RDT&E),CVN 21
2002-CVN 21 (RDT&E Only),2002,CVN 21 (RDT&E Only),CVN 21
2003-CVN 21 (RDT&E Only),2003,CVN 21 (RDT&E Only),CVN 21
2004-CVN 21,2004,CVN 21,CVN 21
2005-CVN 21,2005,CVN 21,CVN 21
2006-CVN 21,2006,CVN 21,CVN 21
2007-CVN 21,2007,CVN 21,CVN 21
2008-CVN 21,2008,CVN 21,CVN 21
2001-CVN-68 Class,2001,CVN-68 Class,CVN 68
2002-CVN 68,2002,CVN 68,CVN 68
2003-CVN-68,2003,CVN-68,CVN 68
2004-CVN-68,2004,CVN-68,CVN 68
2005-CVN-68,2005,CVN-68,CVN 68
2006-CVN 68,2006,CVN 68,CVN 68
2007-CVN 68,2007,CVN 68,CVN 68
2008-CVN 68,2008,CVN 68,CVN 68
2009-CVN 68,2009,CVN 68,CVN 68
2001-DD(X) (RDT&E),2001,DD(X) (RDT&E),CVN 78
2009-CVN 78,2009,CVN 78,CVN 78
2010-CVN 78 CLASS,2010,CVN 78 CLASS,CVN 78
2011-CVN 78 CLASS,2011,CVN 78 CLASS,CVN 78
2005-DD(X),2005,DD(X),DDG 1000
2006-DDG 1000 (DD(X)),2006,DDG 1000 (DD(X)),DDG 1000
2007-DDG 1000,2007,DDG 1000,DDG 1000
2008-DDG 1000,2008,DDG 1000,DDG 1000
2009-DDG 1000,2009,DDG 1000,DDG 1000
2010-DDG 1000,2010,DDG 1000,DDG 1000
2011-DDG 1000,2011,DDG 1000,DDG 1000
2001-DD(X) (RDT&E),2001,DD(X) (RDT&E),DDG 1000 (RDT&E)
2002-DD(X) (RDT&E Only),2002,DD(X) (RDT&E Only),DDG 1000 (RDT&E)
2003-DD(X) (RDT&E Only),2003,DD(X) (RDT&E Only),DDG 1000 (RDT&E)
2004-DD(X) (RDT&E),2004,DD(X) (RDT&E),DDG 1000 (RDT&E)
2001-DDG 51,2001,DDG 51,DDG 51
2002-DDG 51,2002,DDG 51,DDG 51
2003-DDG 51,2003,DDG 51,DDG 51
2004-DDG 51,2004,DDG 51,DDG 51
2005-DDG 51,2005,DDG 51,DDG 51
2006-DDG 51,2006,DDG 51,DDG 51
2007-DDG 51,2007,DDG 51,DDG 51
2008-DDG 51,2008,DDG 51,DDG 51
2009-DDG 51,2009,DDG 51,DDG 51
2010-DDG 51,2010,DDG 51,DDG 51
2011-DDG 51,2011,DDG 51,DDG 51
2007-DIMHRS,2007,DIMHRS,DIMHRS
2000-DoD Subtotal,2000,DoD Subtotal,DoD Subtotal
2001-DoD Subtotal,2001,DoD Subtotal,DoD Subtotal
2002-DoD Subtotal,2002,DoD Subtotal,DoD Subtotal
2003-DoD Subtotal,2003,DoD Subtotal,DoD Subtotal
2004-DoD Subtotal,2004,DoD Subtotal,DoD Subtotal
2005-DoD Subtotal,2005,DoD Subtotal,DoD Subtotal
2006-DoD Subtotal,2006,DoD Subtotal,DoD Subtotal
2007-DoD Subtotal,2007,DoD Subtotal,DoD Subtotal
2008-DoD Subtotal,2008,DoD Subtotal,DoD Subtotal
2009-DoD Subtotal,2009,DoD Subtotal,DoD Subtotal
2010-DoD Subtotal,2010,DoD Subtotal,DoD Subtotal
2011-DoD Subtotal,2011,DoD Subtotal,DoD Subtotal
2012-DoD Subtotal,2012,DoD Subtotal,DoD Subtotal
2013-DoD Subtotal,2013,DoD Subtotal,DoD Subtotal
2001-E-2C REPRO,2001,E-2C REPRO,E-2C REPRODUCTION
2002-E-2C REPRODUCTION,2002,E-2C REPRODUCTION,E-2C REPRODUCTION
2003-E-2C REPRODUCTION,2003,E-2C REPRODUCTION,E-2C REPRODUCTION
2004-E-2C REPRODUCTION,2004,E-2C REPRODUCTION,E-2C REPRODUCTION
2005-E-2C REPRODUCTION,2005,E-2C REPRODUCTION,E-2C REPRODUCTION
2006-E-2C REPRODUCTION,2006,E-2C REPRODUCTION,E-2C REPRODUCTION
2003-E-2 ADV HAWKEYE,2003,E-2 ADV HAWKEYE,E-2D AHE
2004-E-2 ADV HAWKEYE,2004,E-2 ADV HAWKEYE,E-2D AHE
2005-E-2 ADV HAWKEYE,2005,E-2 ADV HAWKEYE,E-2D AHE
2006-E-2D AHE,2006,E-2D AHE,E-2D AHE
2007-E-2D AHE,2007,E-2D AHE,E-2D AHE
2008-E-2D AHE,2008,E-2D AHE,E-2D AHE
2009-E-2D AHE,2009,E-2D AHE,E-2D AHE
2010-E-2D AHE,2010,E-2D AHE,E-2D AHE
2011-E-2D AHE,2011,E-2D AHE,E-2D AHE
2001-JSTARS,2001,JSTARS,E-8 JSTARS
2002-JSTARS,2002,JSTARS,E-8 JSTARS
2003-JSTARS,2003,JSTARS,E-8 JSTARS
2003-EA-18G,2003,EA-18G,EA-18G
2004-EA-18G,2004,EA-18G,EA-18G
2005-EA-18G,2005,EA-18G,EA-18G
2006-EA-18G,2006,EA-18G,EA-18G
2007-EA-18G,2007,EA-18G,EA-18G
2008-EA-18G,2008,EA-18G,EA-18G
2009-EA-18G,2009,EA-18G,EA-18G
2010-EA-18G,2010,EA-18G,EA-18G
2011-EA-18G,2011,EA-18G,EA-18G
2008-EA-6B ICAP III,2008,EA-6B ICAP III,EA-6B ICAP III
2009-EA-6B ICAP III,2009,EA-6B ICAP III,EA-6B ICAP III
2001-EELV,2001,EELV,EELV
2002-EELV,2002,EELV,EELV
2003-EELV,2003,EELV,EELV
2004-EELV,2004,EELV,EELV
2005-EELV,2005,EELV,EELV
2006-EELV,2006,EELV,EELV
2001-AAAV,2001,AAAV,EFV
2002-AAAV,2002,AAAV,EFV
2003-EFV (AAAV),2003,EFV (AAAV),EFV
2004-EFV (AAAV),2004,EFV (AAAV),EFV
2005-EFV (AAAV),2005,EFV (AAAV),EFV
2006-EFV,2006,EFV,EFV
2007-EFV,2007,EFV,EFV
2008-EFV,2008,EFV,EFV
2009-EFV,2009,EFV,EFV
2010-EFV,2010,EFV,EFV
2010-INCREMENT 1 E-IBCT,2010,INCREMENT 1 E-IBCT,E-IBCT
2007-ERM,2007,ERM,ERM
2003-EXCALIBUR,2003,EXCALIBUR,EXCALIBUR
2004-EXCALIBUR,2004,EXCALIBUR,EXCALIBUR
2005-EXCALIBUR,2005,EXCALIBUR,EXCALIBUR
2006-EXCALIBUR,2006,EXCALIBUR,EXCALIBUR
2007-EXCALIBUR,2007,EXCALIBUR,EXCALIBUR
2008-EXCALIBUR,2008,EXCALIBUR,EXCALIBUR
2009-EXCALIBUR,2009,EXCALIBUR,EXCALIBUR
2010-EXCALIBUR,2010,EXCALIBUR,EXCALIBUR
2011-EXCALIBUR,2011,EXCALIBUR,EXCALIBUR
2001-F/A-18 E/F,2001,F/A-18 E/F,F/A-18E/F
2002-F/A-18 E/F,2002,F/A-18 E/F,F/A-18E/F
2003-F/A-18E/F,2003,F/A-18E/F,F/A-18E/F
2004-F/A-18E/F,2004,F/A-18E/F,F/A-18E/F
2005-F/A-18E/F,2005,F/A-18E/F,F/A-18E/F
2006-F/A-18E/F,2006,F/A-18E/F,F/A-18E/F
2007-F/A-18E/F,2007,F/A-18E/F,F/A-18E/F
2008-F/A-18E/F,2008,F/A-18E/F,F/A-18E/F
2009-F/A-18E/F,2009,F/A-18E/F,F/A-18E/F
2010-F/A-18E/F,2010,F/A-18E/F,F/A-18E/F
2011-F/A-18E/F,2011,F/A-18E/F,F/A-18E/F
2001-F-22,2001,F-22,F-22
2002-F/A-22,2002,F/A-22,F-22
2003-F/A-22,2003,F/A-22,F-22
2004-F/A-22,2004,F/A-22,F-22
2005-F/A-22,2005,F/A-22,F-22
2006-F-22A,2006,F-22A,F-22
2007-F-22,2007,F-22,F-22
2008-F-22,2008,F-22,F-22
2009-F-22,2009,F-22,F-22
2010-F-22,2010,F-22,F-22
2001-JSF,2001,JSF,F-35
2002-JSF (F-35),2002,JSF (F-35),F-35
2003-JSF (F-35),2003,JSF (F-35),F-35
2004-JSF (F-35),2004,JSF (F-35),F-35
2005-JSF (F-35),2005,JSF (F-35),F-35
2006-F-35 (JSF),2006,F-35 (JSF),F-35
2007-F-35 (JSF),2007,F-35 (JSF),F-35
2008-F-35 (JSF),2008,F-35 (JSF),F-35
2009-F-35,2009,F-35,F-35
2010-F-35,2010,F-35,F-35
2011-F-35 Aircraft,2011,F-35 Aircraft,F-35 Aircraft
2011-F-35 Engine,2011,F-35 Engine,F-35 Engine
2007-FAB-T,2007,FAB-T,FAB-T
2008-FAB-T,2008,FAB-T,FAB-T
2009-FAB-T,2009,FAB-T,FAB-T
2010-FAB-T,2010,FAB-T,FAB-T
2011-FAB-T,2011,FAB-T,FAB-T
2001-FBCB2,2001,FBCB2,FBCB2
2002-FBCB2,2002,FBCB2,FBCB2
2003-FBCB2,2003,FBCB2,FBCB2
2004-FBCB2,2004,FBCB2,FBCB2
2005-FBCB2,2005,FBCB2,FBCB2
2006-FBCB2,2006,FBCB2,FBCB2
2007-FBCB2,2007,FBCB2,FBCB2
2008-FBCB2,2008,FBCB2,FBCB2
2009-FBCB2,2009,FBCB2,FBCB2
2010-FBCB2,2010,FBCB2,FBCB2
2003-FCS,2003,FCS,FCS
2004-FCS,2004,FCS,FCS
2005-FCS,2005,FCS,FCS
2006-FCS,2006,FCS,FCS
2007-FCS,2007,FCS,FCS
2008-FCS,2008,FCS,FCS
2001-FMTV,2001,FMTV,FMTV
2002-FMTV,2002,FMTV,FMTV
2003-FMTV,2003,FMTV,FMTV
2004-FMTV,2004,FMTV,FMTV
2005-FMTV,2005,FMTV,FMTV
2006-FMTV,2006,FMTV,FMTV
2007-FMTV,2007,FMTV,FMTV
2008-FMTV,2008,FMTV,FMTV
2009-FMTV,2009,FMTV,FMTV
2010-FMTV,2010,FMTV,FMTV
2011-FMTV,2011,FMTV,FMTV
2001-GBS,2001,GBS,GBS
2002-GBS,2002,GBS,GBS
2003-GBS,2003,GBS,GBS
2004-GBS,2004,GBS,GBS
2005-GBS,2005,GBS,GBS
2006-GBS,2006,GBS,GBS
2007-GBS,2007,GBS,GBS
2008-GBS,2008,GBS,GBS
2009-GBS,2009,GBS,GBS
2010-GBS,2010,GBS,GBS
2011-GBS,2011,GBS,GBS
2001-MLRS UPGRADE,2001,MLRS UPGRADE,GMLRS
2002-GMLRS,2002,GMLRS,GMLRS
2003-GMLRS,2003,GMLRS,GMLRS
2004-GMLRS,2004,GMLRS,GMLRS
2005-GMLRS,2005,GMLRS,GMLRS
2006-GMLRS,2006,GMLRS,GMLRS
2007-GMLRS,2007,GMLRS,GMLRS
2008-GMLRS,2008,GMLRS,GMLRS
2009-GMLRS,2009,GMLRS,GMLRS
2009-GMLRS/GMLRS AW,2009,GMLRS/GMLRS AW,GMLRS
2010-GMLRS/GMLRS AW,2010,GMLRS/GMLRS AW,GMLRS
2011-GMLRS/GMLRS AW,2011,GMLRS/GMLRS AW,GMLRS
2008-GPS IIIA,2008,GPS IIIA,GPS IIIA
2009-GPS-IIIA,2009,GPS-IIIA,GPS IIIA
2010-GPS IIIA,2010,GPS IIIA,GPS IIIA
2011-GPS III,2011,GPS III,GPS IIIA
2000-Grand Total,2000,Grand Total,Grand Total
2001-Grand Total,2001,Grand Total,Grand Total
2002-Grand Total,2002,Grand Total,Grand Total
2003-Grand Total,2003,Grand Total,Grand Total
2004-Grand Total,2004,Grand Total,Grand Total
2005-Grand Total,2005,Grand Total,Grand Total
2006-Grand Total,2006,Grand Total,Grand Total
2007-Grand Total,2007,Grand Total,Grand Total
2008-Grand Total,2008,Grand Total,Grand Total
2009-Grand Total,2009,Grand Total,Grand Total
2010-Grand Total,2010,Grand Total,Grand Total
2011-Grand Total,2011,Grand Total,Grand Total
2012-Grand Total,2012,Grand Total,Grand Total
2013-Grand Total,2013,Grand Total,Grand Total
2001-USMC H-1 UPGRADES,2001,USMC H-1 UPGRADES,H-1 Upgrades
2002-USMC H-1 UPGRADES,2002,USMC H-1 UPGRADES,H-1 Upgrades
2003-H-1 UPGRADES,2003,H-1 UPGRADES,H-1 Upgrades
2004-H-1 UPGRADES,2004,H-1 UPGRADES,H-1 Upgrades
2005-H-1 UPGRADES,2005,H-1 UPGRADES,H-1 Upgrades
2006-H-1 UPGRADES,2006,H-1 UPGRADES,H-1 Upgrades
2007-H-1 UPGRADES (4BW/4BN),2007,H-1 UPGRADES (4BW/4BN),H-1 Upgrades
2008-H-1 UPGRADES (4BW/4BN),2008,H-1 UPGRADES (4BW/4BN),H-1 Upgrades
2009-H-1 UPGRADES (4BW/4BN),2009,H-1 UPGRADES (4BW/4BN),H-1 Upgrades
2010-H-1 UPGRADES (4BW/4BN),2010,H-1 UPGRADES (4BW/4BN),H-1 Upgrades
2011-H-1 UPGRADES (4BW/4BN),2011,H-1 UPGRADES (4BW/4BN),H-1 Upgrades
2010-HC/MC-130 RECAPITALIZATION,2010,HC/MC-130 RECAPITALIZATION,HC/MC-130 RECAP
2011-HC/MC-130 RECAPITALIZATION,2011,HC/MC-130 RECAPITALIZATION,HC/MC-130 RECAP
2003-HIMARS,2003,HIMARS,HIMARS
2004-HIMARS,2004,HIMARS,HIMARS
2005-HIMARS,2005,HIMARS,HIMARS
2006-HIMARS,2006,HIMARS,HIMARS
2007-HIMARS,2007,HIMARS,HIMARS
2008-HIMARS,2008,HIMARS,HIMARS
2009-HIMARS,2009,HIMARS,HIMARS
2010-HIMARS,2010,HIMARS,HIMARS
2011-HIMARS,2011,HIMARS,HIMARS
2010-IAMD,2010,IAMD,IAMD
2011-IAMD,2011,IAMD,IAMD
2008-IDECM,2008,IDECM,IDECM
2009-IDECM,2009,IDECM,IDECM
2010-IDECM,2010,IDECM,IDECM
2011-IDECM,2011,IDECM,IDECM
2008-IDECM-Blocks 2/3,2008,IDECM-Blocks 2/3,IDECM Split
2008-IDECM-Blocks 4,2008,IDECM-Blocks 4,IDECM Split
2009-IDECM Block 2/3,2009,IDECM Block 2/3,IDECM Split
2009-IDECM Block 4,2009,IDECM Block 4,IDECM Split
2010-IDECM - IDECM Block 4,2010,IDECM - IDECM Block 4,IDECM Split
2010-IDECM - IDECM Blocks 2/3,2010,IDECM - IDECM Blocks 2/3,IDECM Split
2011-IDECM - IDECM Block 4,2011,IDECM - IDECM Block 4,IDECM Split
2011-IDECM - IDECM Blocks 2/3,2011,IDECM - IDECM Blocks 2/3,IDECM Split
2001-JASSM,2001,JASSM,JASSM
2002-JASSM,2002,JASSM,JASSM
2003-JASSM,2003,JASSM,JASSM
2004-JASSM,2004,JASSM,JASSM
2005-JASSM,2005,JASSM,JASSM
2006-JASSM,2006,JASSM,JASSM
2007-JASSM,2007,JASSM,JASSM
2008-JASSM,2008,JASSM,JASSM
2009-JASSM (JASSM/JASSM-ER),2009,JASSM (JASSM/JASSM-ER),JASSM
2010-JASSM Baseline,2010,JASSM Baseline,JASSM Split
2010-JASSM -ER,2010,JASSM -ER,JASSM Split
2011-JASSM - JASSM Baseline,2011,JASSM - JASSM Baseline,JASSM Split
2011-JASSM - JASSM-ER,2011,JASSM - JASSM-ER,JASSM Split
2001-JAVELIN,2001,JAVELIN,JAVELIN
2002-JAVELIN,2002,JAVELIN,JAVELIN
2003-JAVELIN,2003,JAVELIN,JAVELIN
2004-JAVELIN,2004,JAVELIN,JAVELIN
2005-JAVELIN,2005,JAVELIN,JAVELIN
2006-JAVELIN,2006,JAVELIN,JAVELIN
2007-JAVELIN,2007,JAVELIN,JAVELIN
2008-JCA,2008,JCA,JCA
2009-JCA,2009,JCA,JCA
2010-C-27J,2010,C-27J,JCA
2004-JCM,2004,JCM,JCM
2001-JDAM,2001,JDAM,JDAM
2002-JDAM,2002,JDAM,JDAM
2003-JDAM,2003,JDAM,JDAM
2004-JDAM,2004,JDAM,JDAM
2005-JDAM,2005,JDAM,JDAM
2006-JDAM,2006,JDAM,JDAM
2007-JDAM,2007,JDAM,JDAM
2008-JDAM,2008,JDAM,JDAM
2009-JDAM,2009,JDAM,JDAM
2010-JDAM,2010,JDAM,JDAM
2011-JDAM,2011,JDAM,JDAM
2010-JHSV,2010,JHSV,JHSV
2011-JHSV,2011,JHSV,JHSV
2005-JLENS,2005,JLENS,JLENS
2006-JLENS,2006,JLENS,JLENS
2007-JLENS,2007,JLENS,JLENS
2008-JLENS,2008,JLENS,JLENS
2009-JLENS,2009,JLENS,JLENS
2010-JLENS,2010,JLENS,JLENS
2011-JLENS,2011,JLENS,JLENS
2008-JOINT MRAP,2008,JOINT MRAP,Joint MRAP
2009-JOINT MRAP,2009,JOINT MRAP,Joint MRAP
2010-JOINT MRAP,2010,JOINT MRAP,Joint MRAP
2010-JPALS,2010,JPALS,JPALS
2011-JPALS Increment 1A,2011,JPALS Increment 1A,JPALS
2001-JPATS,2001,JPATS,JPATS
2002-JPATS,2002,JPATS,JPATS
2003-JPATS,2003,JPATS,JPATS
2004-JPATS,2004,JPATS,JPATS
2005-JPATS,2005,JPATS,JPATS
2006-JPATS,2006,JPATS,JPATS
2007-JPATS,2007,JPATS,JPATS
2008-JPATS,2008,JPATS,JPATS
2009-JPATS,2009,JPATS,JPATS
2010-JPATS,2010,JPATS,JPATS
2011-JPATS,2011,JPATS,JPATS
2001-JSIMS,2001,JSIMS,JSIMS
2002-JSIMS,2002,JSIMS,JSIMS
2001-JSOW,2001,JSOW,JSOW
2002-JSOW,2002,JSOW,JSOW
2003-JSOW,2003,JSOW,JSOW
2004-JSOW,2004,JSOW,JSOW
2005-JSOW,2005,JSOW,JSOW
2006-JSOW,2006,JSOW,JSOW
2007-JSOW,2007,JSOW,JSOW
2008-JSOW,2008,JSOW,JSOW
2009-JSOW (BASELINE/UNITARY),2009,JSOW (BASELINE/UNITARY),JSOW
2010-JSOW (BASELINE/UNITARY),2010,JSOW (BASELINE/UNITARY),JSOW
2011-JSOW (BASELINE/UNITARY),2011,JSOW (BASELINE/UNITARY),JSOW
2012-JSOW (BASELINE/UNITARY),2012,JSOW (BASELINE/UNITARY),JSOW
2007-JSOW - BASELINE/BLU-108,2007,JSOW - BASELINE/BLU-108,JSOW Split
2007-JSOW - UNITARY,2007,JSOW - UNITARY,JSOW Split
2008-JSOW - BASELINE/BLU-108,2008,JSOW - BASELINE/BLU-108,JSOW Split
2008-JSOW - UNITARY,2008,JSOW - UNITARY,JSOW Split
2009-JSOW (BASELINE/UNITARY) - BASELINE/BLU-108,2009,JSOW (BASELINE/UNITARY) - BASELINE/BLU-108,JSOW Split
2009-JSOW (BASELINE/UNITARY) - UNITARY,2009,JSOW (BASELINE/UNITARY) - UNITARY,JSOW Split
2010-JSOW (BASELINE/UNITARY) - BASELINE/BLU-108,2010,JSOW (BASELINE/UNITARY) - BASELINE/BLU-108,JSOW Split
2010-JSOW (BASELINE/UNITARY) - UNITARY,2010,JSOW (BASELINE/UNITARY) - UNITARY,JSOW Split
2011-JSOW (BASELINE/UNITARY) - BASELINE/BLU-108,2011,JSOW (BASELINE/UNITARY) - BASELINE/BLU-108,JSOW Split
2011-JSOW (BASELINE/UNITARY) - UNITARY,2011,JSOW (BASELINE/UNITARY) - UNITARY,JSOW Split
2002-JTRS CLUSTER 1,2002,JTRS CLUSTER 1,JTRS GMR
2003-JTRS CLUSTER 1,2003,JTRS CLUSTER 1,JTRS GMR
2004-JTRS CLUSTER 1,2004,JTRS CLUSTER 1,JTRS GMR
2005-JTRS GMR (CLUSTER 1),2005,JTRS GMR (CLUSTER 1),JTRS GMR
2006-JTRS GMR,2006,JTRS GMR,JTRS GMR
2007-JTRS GMR,2007,JTRS GMR,JTRS GMR
2008-JTRS GMR,2008,JTRS GMR,JTRS GMR
2009-JTRS GMR,2009,JTRS GMR,JTRS GMR
2010-JTRS GMR,2010,JTRS GMR,JTRS GMR
2011-JTRS GMR,2011,JTRS GMR,JTRS GMR
2004-JTRS CLUSTER 5,2004,JTRS CLUSTER 5,JTRS HMS
2005-JTRS HMS (CLUSTER 5),2005,JTRS HMS (CLUSTER 5),JTRS HMS
2006-JTRS HMS (CLUSTER 5),2006,JTRS HMS (CLUSTER 5),JTRS HMS
2007-JTRS HMS,2007,JTRS HMS,JTRS HMS
2008-JTRS HMS,2008,JTRS HMS,JTRS HMS
2009-JTRS HMS,2009,JTRS HMS,JTRS HMS
2010-JTRS HMS,2010,JTRS HMS,JTRS HMS
2011-JTRS HMS,2011,JTRS HMS,JTRS HMS
2002-JTRS WAVEFORM,2002,JTRS WAVEFORM,JTRS NED
2003-JTRS WAVEFORM (RDT&E),2003,JTRS WAVEFORM (RDT&E),JTRS NED
2004-JTRS WAVEFORM (RDT&E),2004,JTRS WAVEFORM (RDT&E),JTRS NED
2005-JTRS WAVEFORM,2005,JTRS WAVEFORM,JTRS NED
2006-JTRS WAVEFORM,2006,JTRS WAVEFORM,JTRS NED
2007-JTRS NED,2007,JTRS NED,JTRS NED
2008-JTRS NED,2008,JTRS NED,JTRS NED
2009-JTRS NED,2009,JTRS NED,JTRS NED
2010-JTRS NED,2010,JTRS NED,JTRS NED
2011-JTRS NED,2011,JTRS NED,JTRS NED
2011-KC-130J,2011,KC-130J,KC-130J
2011-KC-46A,2011,KC-46A,KC-46A
2008-LAIRCM,2008,LAIRCM,LAIRCM
2009-LAIRCM,2009,LAIRCM,LAIRCM
2010-LAIRCM,2010,LAIRCM,LAIRCM
2003-LAND WARRIOR,2003,LAND WARRIOR,LAND WARRIOR
2004-LAND WARRIOR,2004,LAND WARRIOR,LAND WARRIOR
2005-LAND WARRIOR,2005,LAND WARRIOR,LAND WARRIOR
2006-LAND WARRIOR,2006,LAND WARRIOR,LAND WARRIOR
2004-LCS,2004,LCS,LCS
2007-LCS,2007,LCS,LCS
2008-LCS,2008,LCS,LCS
2009-LCS,2009,LCS,LCS
2010-LCS,2010,LCS,LCS
2011-LCS,2011,LCS,LCS
2005-LCS (RDT&E),2005,LCS (RDT&E),LCS (RDT&E)
2006-LCS (RDT&E),2006,LCS (RDT&E),LCS (RDT&E)
2006-LHA Replacement,2006,LHA Replacement,LHA Replacement
2007-LHA Replacement,2007,LHA Replacement,LHA Replacement
2008-LHA Replacement,2008,LHA Replacement,LHA Replacement
2009-LHA 6,2009,LHA 6,LHA Replacement
2009-LHA 6 AMERICA CLASS,2009,LHA 6 AMERICA CLASS,LHA Replacement
2010-LHA 6 AMERICA CLASS,2010,LHA 6 AMERICA CLASS,LHA Replacement
2011-LHA 6 AMERICA CLASS,2011,LHA 6 AMERICA CLASS,LHA Replacement
2001-LHD 1,2001,LHD 1,LHD 1
2002-LHD 1,2002,LHD 1,LHD 1
2003-LHD 1,2003,LHD 1,LHD 1
2004-LHD 1,2004,LHD 1,LHD 1
2001-LONGBOW APACHE,2001,LONGBOW APACHE,LONGBOW APACHE
2002-LONGBOW APACHE,2002,LONGBOW APACHE,LONGBOW APACHE
2003-LONGBOW APACHE,2003,LONGBOW APACHE,LONGBOW APACHE
2004-LONGBOW APACHE,2004,LONGBOW APACHE,LONGBOW APACHE
2005-LONGBOW APACHE,2005,LONGBOW APACHE,LONGBOW APACHE
2006-LONGBOW APACHE,2006,LONGBOW APACHE,LONGBOW APACHE
2007-LONGBOW APACHE,2007,LONGBOW APACHE,LONGBOW APACHE
2008-LONGBOW APACHE,2008,LONGBOW APACHE,LONGBOW APACHE
2009-LONGBOW,2009,LONGBOW,LONGBOW APACHE
2009-LONGBOW APACHE,2009,LONGBOW APACHE,LONGBOW APACHE
2010-LONGBOW APACHE,2010,LONGBOW APACHE,LONGBOW APACHE
2001-LONGBOW HELLFIRE,2001,LONGBOW HELLFIRE,LONGBOW HELLFIRE
2002-LONGBOW HELLFIRE,2002,LONGBOW HELLFIRE,LONGBOW HELLFIRE
2003-LONGBOW HELLFIRE,2003,LONGBOW HELLFIRE,LONGBOW HELLFIRE
2004-LONGBOW HELLFIRE,2004,LONGBOW HELLFIRE,LONGBOW HELLFIRE
2001-LPD 17,2001,LPD 17,LPD 17
2002-LPD 17,2002,LPD 17,LPD 17
2003-LPD 17,2003,LPD 17,LPD 17
2004-LPD 17,2004,LPD 17,LPD 17
2005-LPD 17,2005,LPD 17,LPD 17
2006-LPD 17,2006,LPD 17,LPD 17
2007-LPD 17,2007,LPD 17,LPD 17
2008-LPD 17,2008,LPD 17,LPD 17
2009-LPD 17,2009,LPD 17,LPD 17
2010-LPD 17,2010,LPD 17,LPD 17
2011-LPD 17,2011,LPD 17,LPD 17
2006-LUH,2006,LUH,LUH
2007-LUH,2007,LUH,LUH
2008-LUH,2008,LUH,LUH
2009-LUH,2009,LUH,LUH
2010-LUH,2010,LUH,LUH
2011-LUH,2011,LUH,LUH
2001-ABRAMS UPGRADE,2001,ABRAMS UPGRADE,M1A2 ABRAMS UPGRADE
2002-ABRAMS UPGRADE,2002,ABRAMS UPGRADE,M1A2 ABRAMS UPGRADE
2003-ABRAMS UPGRADE,2003,ABRAMS UPGRADE,M1A2 ABRAMS UPGRADE
2001-MCS,2001,MCS,MCS
2002-MCS,2002,MCS,MCS
2003-MCS,2003,MCS,MCS
2004-MCS,2004,MCS,MCS
2001-MH-60R,2001,MH-60R,MH-60R
2002-MH-60R,2002,MH-60R,MH-60R
2003-MH-60R,2003,MH-60R,MH-60R
2004-MH-60R,2004,MH-60R,MH-60R
2005-MH-60R,2005,MH-60R,MH-60R
2006-MH-60R,2006,MH-60R,MH-60R
2007-MH-60R,2007,MH-60R,MH-60R
2008-MH-60R,2008,MH-60R,MH-60R
2009-MH-60R,2009,MH-60R,MH-60R
2010-MH-60R,2010,MH-60R,MH-60R
2011-MH-60R,2011,MH-60R,MH-60R
2001-MH-60S,2001,MH-60S,MH-60S
2002-MH-60S,2002,MH-60S,MH-60S
2003-MH-60S,2003,MH-60S,MH-60S
2004-MH-60S,2004,MH-60S,MH-60S
2005-MH-60S,2005,MH-60S,MH-60S
2006-MH-60S,2006,MH-60S,MH-60S
2007-MH-60S,2007,MH-60S,MH-60S
2008-MH-60S,2008,MH-60S,MH-60S
2009-MH-60S,2009,MH-60S,MH-60S
2010-MH-60S,2010,MH-60S,MH-60S
2011-MH-60S,2011,MH-60S,MH-60S
2007-MIDS,2007,MIDS,MIDS JTRS
2008-MIDS,2008,MIDS,MIDS JTRS
2009-MIDS,2009,MIDS,MIDS JTRS
2010-MIDS,2010,MIDS,MIDS JTRS
2011-MIDS,2011,MIDS,MIDS JTRS
2001-MIDS-LVT,2001,MIDS-LVT,MIDS-LVT
2002-MIDS-LVT,2002,MIDS-LVT,MIDS-LVT
2003-MIDS-LVT,2003,MIDS-LVT,MIDS-LVT
2004-MIDS-LVT,2004,MIDS-LVT,MIDS-LVT
2005-MIDS-LVT,2005,MIDS-LVT,MIDS-LVT
2006-MIDS-LVT,2006,MIDS-LVT,MIDS-LVT
2001-MINUTEMAN III GRP,2001,MINUTEMAN III GRP,MINUTEMAN III GRP
2002-MINUTEMAN III GRP,2002,MINUTEMAN III GRP,MINUTEMAN III GRP
2003-MINUTEMAN III GRP,2003,MINUTEMAN III GRP,MINUTEMAN III GRP
2004-MINUTEMAN III GRP,2004,MINUTEMAN III GRP,MINUTEMAN III GRP
2005-MINUTEMAN III GRP,2005,MINUTEMAN III GRP,MINUTEMAN III GRP
2006-MINUTEMAN III GRP,2006,MINUTEMAN III GRP,MINUTEMAN III GRP
2007-MINUTEMAN III GRP,2007,MINUTEMAN III GRP,MINUTEMAN III GRP
2001-MINUTEMAN III PRP,2001,MINUTEMAN III PRP,MINUTEMAN III PRP
2002-MINUTEMAN III PRP,2002,MINUTEMAN III PRP,MINUTEMAN III PRP
2003-MINUTEMAN III PRP,2003,MINUTEMAN III PRP,MINUTEMAN III PRP
2004-MINUTEMAN III PRP,2004,MINUTEMAN III PRP,MINUTEMAN III PRP
2005-MINUTEMAN III PRP,2005,MINUTEMAN III PRP,MINUTEMAN III PRP
2006-MINUTEMAN III PRP,2006,MINUTEMAN III PRP,MINUTEMAN III PRP
2007-MINUTEMAN III PRP,2007,MINUTEMAN III PRP,MINUTEMAN III PRP
2008-MINUTEMAN III PRP,2008,MINUTEMAN III PRP,MINUTEMAN III PRP
2009-MINUTEMAN III PRP,2009,MINUTEMAN III PRP,MINUTEMAN III PRP
2005-MP RTIP,2005,MP RTIP,MP RTIP
2006-MP RTIP,2006,MP RTIP,MP RTIP
2007-MP RTIP,2007,MP RTIP,MP RTIP
2008-MP RTIP,2008,MP RTIP,MP RTIP
2009-MP RTIP,2009,MP RTIP,MP RTIP
2010-MP-RTIP,2010,MP-RTIP,MP RTIP
2010-MP RTIP (RDT&E),2010,MP-RTIP,MP RTIP (RDT&E)
2011-MP-RTIP,2011,MP-RTIP,MP RTIP
2004-MP RTIP (RDT&E),2004,MP RTIP (RDT&E),MP RTIP (RDT&E)
2005-MPS,2005,MPS,MPS
2006-MPS,2006,MPS,MPS
2007-MPS,2007,MPS,MPS
2010-Predator,2010,MQ-1 Predator,Predator
2010-MQ-1C UAS GRAY EAGLE,2010,MQ-1C UAS GRAY EAGLE,MQ-1C GRAY EAGLE
2011-MQ-1C UAS GRAY EAGLE,2011,MQ-1C UAS GRAY EAGLE,MQ-1C GRAY EAGLE
2010-MQ-4C UAS BAMS,2010,MQ-4C UAS BAMS,MQ-4C UAS BAMS
2011-MQ-4C UAS BAMS,2011,MQ-4C UAS BAMS,MQ-4C UAS BAMS
2010-MQ-9 UAS REAPER,2010,MQ-9 UAS REAPER,MQ-9 REAPER
2011-MQ-9 UAS REAPER,2011,MQ-9 UAS REAPER,MQ-9 REAPER
2005-MUOS,2005,MUOS,MUOS
2006-MUOS,2006,MUOS,MUOS
2007-MUOS,2007,MUOS,MUOS
2008-MUOS,2008,MUOS,MUOS
2009-MUOS,2009,MUOS,MUOS
2010-MUOS,2010,MUOS,MUOS
2011-MUOS,2011,MUOS,MUOS
2001-NAS,2001,NAS,NAS
2002-NAS,2002,NAS,NAS
2003-NAS,2003,NAS,NAS
2004-NAS,2004,NAS,NAS
2005-NAS,2005,NAS,NAS
2006-NAS,2006,NAS,NAS
2007-NAS,2007,NAS,NAS
2008-NAS,2008,NAS,NAS
2009-NAS,2009,NAS,NAS
2010-NAS,2010,NAS,NAS
2011-NAS,2011,NAS,NAS
2001-NAVSTAR GPS,2001,NAVSTAR GPS,NAVSTAR GPS
2002-NAVSTAR GPS,2002,NAVSTAR GPS,NAVSTAR GPS
2003-NAVSTAR GPS,2003,NAVSTAR GPS,NAVSTAR GPS
2004-NAVSTAR GPS,2004,NAVSTAR GPS,NAVSTAR GPS
2005-NAVSTAR GPS,2005,NAVSTAR GPS,NAVSTAR GPS
2006-NAVSTAR GPS,2006,NAVSTAR GPS,NAVSTAR GPS
2007-NAVSTAR GPS,2007,NAVSTAR GPS,NAVSTAR GPS
2008-NAVSTAR GPS,2008,NAVSTAR GPS,NAVSTAR GPS
2009-NAVSTAR GPS,2009,NAVSTAR GPS,NAVSTAR GPS
2010-NAVSTAR GPS,2010,NAVSTAR GPS,NAVSTAR GPS
2011-NAVSTAR GPS,2011,NAVSTAR GPS,NAVSTAR GPS
2012-NAVSTAR GPS,2012,NAVSTAR GPS,NAVSTAR GPS
2007-NAVSTAR GPS - SPACE & CONTROL,2007,NAVSTAR GPS - SPACE & CONTROL,NAVSTAR GPS SPLIT
2007-NAVSTAR GPS - USER EQUIPMENT,2007,NAVSTAR GPS - USER EQUIPMENT,NAVSTAR GPS SPLIT
2008-NAVSTAR GPS - SPACE & CONTROL,2008,NAVSTAR GPS - SPACE & CONTROL,NAVSTAR GPS SPLIT
2008-NAVSTAR GPS - USER EQUIPMENT,2008,NAVSTAR GPS - USER EQUIPMENT,NAVSTAR GPS SPLIT
2009-NAVSTAR GPS - SPACE & CONTROL,2009,NAVSTAR GPS - SPACE & CONTROL,NAVSTAR GPS SPLIT
2009-NAVSTAR GPS - USER EQUIPMENT,2009,NAVSTAR GPS - USER EQUIPMENT,NAVSTAR GPS SPLIT
2010-NAVSTAR GPS - SPACE & CONTROL,2010,NAVSTAR GPS - SPACE & CONTROL,NAVSTAR GPS SPLIT
2010-NAVSTAR GPS - USER EQUIPMENT,2010,NAVSTAR GPS - USER EQUIPMENT,NAVSTAR GPS SPLIT
2011-NAVSTAR GPS - SPACE & CONTROL,2011,NAVSTAR GPS - SPACE & CONTROL,NAVSTAR GPS SPLIT
2011-NAVSTAR GPS - USER EQUIPMENT,2011,NAVSTAR GPS - USER EQUIPMENT,NAVSTAR GPS SPLIT
2000-Navy Subtotal,2000,Navy Subtotal,Navy Subtotal
2001-Navy Subtotal,2001,Navy Subtotal,Navy Subtotal
2002-Navy Subtotal,2002,Navy Subtotal,Navy Subtotal
2003-Navy Subtotal,2003,Navy Subtotal,Navy Subtotal
2004-Navy Subtotal,2004,Navy Subtotal,Navy Subtotal
2005-Navy Subtotal,2005,Navy Subtotal,Navy Subtotal
2006-Navy Subtotal,2006,Navy Subtotal,Navy Subtotal
2007-Navy Subtotal,2007,Navy Subtotal,Navy Subtotal
2008-Navy Subtotal,2008,Navy Subtotal,Navy Subtotal
2009-Navy Subtotal,2009,Navy Subtotal,Navy Subtotal
2010-Navy Subtotal,2010,Navy Subtotal,Navy Subtotal
2011-Navy Subtotal,2011,Navy Subtotal,Navy Subtotal
2012-Navy Subtotal,2012,Navy Subtotal,Navy Subtotal
2013-Navy Subtotal,2013,Navy Subtotal,Navy Subtotal
2001-NESP,2001,NESP,NESP
2002-NESP,2002,NESP,NESP
2003-NESP,2003,NESP,NESP
2004-NESP,2004,NESP,NESP
2007-NMT,2007,NMT,NMT
2008-NMT,2008,NMT,NMT
2009-NMT,2009,NMT,NMT
2010-NMT,2010,NMT,NMT
2011-NMT,2011,NMT,NMT
2001-NPOESS (RDT&E),2001,NPOESS (RDT&E),NPOESS
2002-NPOESS,2002,NPOESS,NPOESS
2003-NPOESS,2003,NPOESS,NPOESS
2004-NPOESS,2004,NPOESS,NPOESS
2005-NPOESS,2005,NPOESS,NPOESS
2006-NPOESS,2006,NPOESS,NPOESS
2007-NPOESS,2007,NPOESS,NPOESS
2008-NPOESS,2008,NPOESS,NPOESS
2009-NPOESS,2009,NPOESS,NPOESS
2010-NPOESS,2010,NPOESS,NPOESS
2011-NPOESS,2011,NPOESS,NPOESS
2004-MMA,2004,MMA,P-8A
2005-MMA,2005,MMA,P-8A
2006-P-8A (MMA),2006,P-8A (MMA),P-8A
2007-P-8A (MMA),2007,P-8A (MMA),P-8A
2008-P-8A (MMA),2008,P-8A (MMA),P-8A
2009-P-8A,2009,P-8A,P-8A
2010-P-8A,2010,P-8A,P-8A
2011-P-8A,2011,P-8A,P-8A
2001-PATRIOT PAC-3,2001,PATRIOT PAC-3,PATRIOT PAC-3
2002-PATRIOT PAC-3,2002,PATRIOT PAC-3,PATRIOT PAC-3
2003-PATRIOT PAC-3,2003,PATRIOT PAC-3,PATRIOT PAC-3
2004-PATRIOT PAC-3,2004,PATRIOT PAC-3,PATRIOT PAC-3
2005-PATRIOT PAC-3,2005,PATRIOT PAC-3,PATRIOT PAC-3
2006-PATRIOT PAC-3,2006,PATRIOT PAC-3,PATRIOT PAC-3
2007-PATRIOT PAC-3,2007,PATRIOT PAC-3,PATRIOT PAC-3
2008-PATRIOT PAC-3,2008,PATRIOT PAC-3,PATRIOT PAC-3
2009-PATRIOT PAC-3,2009,PATRIOT PAC-3,PATRIOT PAC-3
2010-PATRIOT PAC-3,2010,PATRIOT PAC-3,PATRIOT PAC-3
2011-PATRIOT PAC-3,2011,PATRIOT PAC-3,PATRIOT PAC-3
2004-PAT/MEADS CAP,2004,PAT/MEADS CAP,PATRIOT/MEADS CAP
2005-PAT/MEADS CAP,2005,PAT/MEADS CAP,PATRIOT/MEADS CAP
2006-PATRIOT/MEADS CAP,2006,PATRIOT/MEADS CAP,PATRIOT/MEADS CAP
2009-PATRIOT/MEADS CAP,2009,PATRIOT/MEADS CAP,PATRIOT/MEADS CAP
2007-PATRIOT/MEADS CAP - FIRE UNIT,2007,PATRIOT/MEADS CAP - FIRE UNIT,PATRIOT/MEADS CAP SPLIT
2007-PATRIOT/MEADS CAP - MISSILE,2007,PATRIOT/MEADS CAP - MISSILE,PATRIOT/MEADS CAP SPLIT
2008-PATRIOT/MEADS CAP - FIRE UNIT,2008,PATRIOT/MEADS CAP - FIRE UNIT,PATRIOT/MEADS CAP SPLIT
2008-PATRIOT/MEADS CAP - MISSILE,2008,PATRIOT/MEADS CAP - MISSILE,PATRIOT/MEADS CAP SPLIT
2009-PATRIOT MEADS CAP: FIRE UNIT,2009,PATRIOT MEADS CAP: FIRE UNIT,PATRIOT/MEADS CAP SPLIT
2009-PATRIOT MEADS CAP: MISSILE,2009,PATRIOT MEADS CAP: MISSILE,PATRIOT/MEADS CAP SPLIT
2010-PATRIOT/MEADS CAP,2010,PATRIOT MEADS CAP,PATRIOT/MEADS CAP
2010-PATRIOT/MEADS CAP - FIRE UNIT,2010,PATRIOT/MEADS CAP - FIRE UNIT,PATRIOT/MEADS CAP SPLIT
2010-PATRIOT/MEADS CAP - MISSILE,2010,PATRIOT/MEADS CAP - MISSILE,PATRIOT/MEADS CAP SPLIT
2011-PATRIOT/MEADS CAP - FIRE UNIT,2011,PATRIOT/MEADS CAP - FIRE UNIT,PATRIOT/MEADS CAP SPLIT
2011-PATRIOT/MEADS CAP - MISSILE,2011,PATRIOT/MEADS CAP - MISSILE,PATRIOT/MEADS CAP SPLIT
2007-RMS,2007,RMS,RMS
2008-RMS,2008,RMS,RMS
2009-RMS,2009,RMS,RMS
2010-RMS,2010,RMS,RMS
2011-RMS,2011,RMS,RMS
2001-GLOBAL HAWK,2001,GLOBAL HAWK,RQ-4 GLOBAL HAWK
2002-GLOBAL HAWK,2002,GLOBAL HAWK,RQ-4 GLOBAL HAWK
2003-GLOBAL HAWK,2003,GLOBAL HAWK,RQ-4 GLOBAL HAWK
2004-GLOBAL HAWK,2004,GLOBAL HAWK,RQ-4 GLOBAL HAWK
2005-GLOBAL HAWK,2005,GLOBAL HAWK,RQ-4 GLOBAL HAWK
2006-GLOBAL HAWK,2006,GLOBAL HAWK,RQ-4 GLOBAL HAWK
2007-GLOBAL HAWK (RQ-4A/B),2007,GLOBAL HAWK (RQ-4A/B),RQ-4 GLOBAL HAWK
2008-GLOBAL HAWK (RQ-4A/B),2008,GLOBAL HAWK (RQ-4A/B),RQ-4 GLOBAL HAWK
2009-GLOBAL HAWK (RQ-4A/B),2009,GLOBAL HAWK (RQ-4A/B),RQ-4 GLOBAL HAWK
2010-RQ-4A/B UAS GLOBAL HAWK,2010,RQ-4A/B UAS GLOBAL HAWK,RQ-4 GLOBAL HAWK
2011-RQ-4A/B UAS GLOBAL HAWK,2011,RQ-4A/B UAS GLOBAL HAWK,RQ-4 GLOBAL HAWK
2001-SADARM,2001,SADARM,SADARM
2001-SBIRS (High),2001,SBIRS (High),SBIRS
2002-SBIRS HIGH,2002,SBIRS HIGH,SBIRS
2003-SBIRS HIGH,2003,SBIRS HIGH,SBIRS
2004-SBIRS HIGH,2004,SBIRS HIGH,SBIRS
2005-SBIRS HIGH,2005,SBIRS HIGH,SBIRS
2006-SBIRS HIGH,2006,SBIRS HIGH,SBIRS
2007-SBIRS HIGH,2007,SBIRS HIGH,SBIRS
2008-SBIRS HIGH,2008,SBIRS HIGH,SBIRS
2009-SBIRS HIGH,2009,SBIRS HIGH,SBIRS
2010-SBIRS HIGH,2010,SBIRS HIGH,SBIRS
2011-SBIRS HIGH,2011,SBIRS HIGH,SBIRS
2008-SBSS B10,2008,SBSS B10,SBSS B10
2009-SBSS BLOCK 10,2009,SBSS BLOCK 10,SBSS B10
2010-SBSS BLOCK 10,2010,SBSS BLOCK 10,SBSS B10
2004-SDB,2004,SDB,SDB I
2005-SDB,2005,SDB,SDB I
2006-SDB,2006,SDB,SDB I
2007-SDB I,2007,SDB I,SDB I
2008-SDB I,2008,SDB I,SDB I
2010-SDB II,2010,SDB II,SDB II
2011-SDB II,2011,SDB II,SDB II
2001-STD MSL 2,2001,STD MSL 2,SM-2
2002-SM 2,2002,SM 2,SM-2
2003-SM 2,2003,SM 2,SM-2
2004-SM-2,2004,SM-2,SM-2
2004-SM-6,2004,SM-6,SM-6
2005-SM-6,2005,SM-6,SM-6
2006-SM-6,2006,SM-6,SM-6
2007-SM-6,2007,SM-6,SM-6
2008-SM-6,2008,SM-6,SM-6
2009-SM-6,2009,SM-6,SM-6
2010-SM-6,2010,SM-6,SM-6
2011-SM-6,2011,SM-6,SM-6
2001-SMART-T,2001,SMART-T,SMART-T
2002-SMART-T,2002,SMART-T,SMART-T
2005-SSDS,2005,SSDS,SSDS
2006-SSDS,2006,SSDS,SSDS
2007-SSDS,2007,SSDS,SSDS
2003-SSGN,2003,SSGN,SSGN
2004-SSGN,2004,SSGN,SSGN
2005-SSGN,2005,SSGN,SSGN
2006-SSGN (OHIO CLASS),2006,SSGN (OHIO CLASS),SSGN
2007-SSGN,2007,SSGN,SSGN
2001-SSN 774 (VA CLASS),2001,SSN 774 (VA CLASS),SSN 774
2002-SSN 774 (VA CLASS),2002,SSN 774 (VA CLASS),SSN 774
2003-SSN 774 (VA CLASS),2003,SSN 774 (VA CLASS),SSN 774
2004-SSN 774 (VA CLASS),2004,SSN 774 (VA CLASS),SSN 774
2005-SSN 774 (VA CLASS),2005,SSN 774 (VA CLASS),SSN 774
2006-SSN 774 (VA CLASS),2006,SSN 774 (VA CLASS),SSN 774
2007-SSN 774 (VIRGINIA CLASS),2007,SSN 774 (VIRGINIA CLASS),SSN 774
2008-SSN 774 (VIRGINIA CLASS),2008,SSN 774 (VIRGINIA CLASS),SSN 774
2009-SSN 774,2009,SSN 774,SSN 774
2010-SSN 774,2010,SSN 774,SSN 774
2011-SSN 774,2011,SSN 774,SSN 774
2001-IAV,2001,IAV,STRYKER
2002-STRYKER (IAV),2002,STRYKER (IAV),STRYKER
2003-STRYKER,2003,STRYKER,STRYKER
2004-STRYKER,2004,STRYKER,STRYKER
2005-STRYKER,2005,STRYKER,STRYKER
2006-STRYKER,2006,STRYKER,STRYKER
2007-STRYKER,2007,STRYKER,STRYKER
2008-STRYKER,2008,STRYKER,STRYKER
2009-STRYKER,2009,STRYKER,STRYKER
2010-STRYKER,2010,STRYKER,STRYKER
2011-STRYKER,2011,STRYKER,STRYKER
2001-T-45TS,2001,T-45TS,T-45TS
2002-T-45TS,2002,T-45TS,T-45TS
2003-T-45TS,2003,T-45TS,T-45TS
2004-T-45TS,2004,T-45TS,T-45TS
2005-T-45TS,2005,T-45TS,T-45TS
2006-T-45TS,2006,T-45TS,T-45TS
2007-T-45TS,2007,T-45TS,T-45TS
2001-TACTICAL TOMAHAWK,2001,TACTICAL TOMAHAWK,TACTICAL TOMAHAWK
2002-TACTICAL TOMAHAWK,2002,TACTICAL TOMAHAWK,TACTICAL TOMAHAWK
2003-TACTICAL TOMAHAWK,2003,TACTICAL TOMAHAWK,TACTICAL TOMAHAWK
2004-TACTICAL TOMAHAWK,2004,TACTICAL TOMAHAWK,TACTICAL TOMAHAWK
2005-TACTICAL TOMAHAWK,2005,TACTICAL TOMAHAWK,TACTICAL TOMAHAWK
2006-TACTICAL TOMAHAWK,2006,TACTICAL TOMAHAWK,TACTICAL TOMAHAWK
2007-TACTICAL TOMAHAWK,2007,TACTICAL TOMAHAWK,TACTICAL TOMAHAWK
2008-TACTICAL TOMAHAWK,2008,TACTICAL TOMAHAWK,TACTICAL TOMAHAWK
2009-TACTICAL TOMAHAWK,2009,TACTICAL TOMAHAWK,TACTICAL TOMAHAWK
2010-TACTICAL TOMAHAWK,2010,TACTICAL TOMAHAWK,TACTICAL TOMAHAWK
2011-TACTICAL TOMAHAWK,2011,TACTICAL TOMAHAWK,TACTICAL TOMAHAWK
2001-T-AKE,2001,T-AKE,T-AKE
2002-T-AKE,2002,T-AKE,T-AKE
2003-T-AKE,2003,T-AKE,T-AKE
2004-T-AKE,2004,T-AKE,T-AKE
2005-T-AKE,2005,T-AKE,T-AKE
2006-T-AKE,2006,T-AKE,T-AKE
2007-T-AKE,2007,T-AKE,T-AKE
2008-T-AKE,2008,T-AKE,T-AKE
2009-T-AKE,2009,T-AKE,T-AKE
2010-T-AKE,2010,T-AKE,T-AKE
2001-TITAN IV,2001,TITAN IV,TITAN IV
2001-TRIDENT II MSL,2001,TRIDENT II MSL,TRIDENT II
2002-TRIDENT II MSL,2002,TRIDENT II MSL,TRIDENT II
2003-TRIDENT II MSL,2003,TRIDENT II MSL,TRIDENT II
2004-TRIDENT II MSL,2004,TRIDENT II MSL,TRIDENT II
2005-TRIDENT II MSL,2005,TRIDENT II MSL,TRIDENT II
2006-TRIDENT II MSL,2006,TRIDENT II MSL,TRIDENT II
2007-TRIDENT II MISSILE,2007,TRIDENT II MISSILE,TRIDENT II
2008-TRIDENT II MISSILE,2008,TRIDENT II MISSILE,TRIDENT II
2009-TRIDENT II MISSILE,2009,TRIDENT II MISSILE,TRIDENT II
2010-TRIDENT II MISSILE,2010,TRIDENT II MISSILE,TRIDENT II
2011-TRIDENT II MISSILE,2011,TRIDENT II MISSILE,TRIDENT II
2004-TSAT,2004,TSAT,TSAT
2005-TSAT,2005,TSAT,TSAT
2009-BLACKHAWK,2009,BLACKHAWK,UH-60M
2010-UH-60M BLACK HAWK,2010,UH-60M BLACK HAWK,UH-60M
2011-UH-60M BLACK HAWK,2011,UH-60M BLACK HAWK,UH-60M
2002-BLACK HAWK UPGRADE,2002,BLACK HAWK UPGRADE,UH-60M Black Hawk Upgrade
2003-BLACK HAWK UPGRADE,2003,BLACK HAWK UPGRADE,UH-60M Black Hawk Upgrade
2004-BLACK HAWK UPGRADE,2004,BLACK HAWK UPGRADE,UH-60M Black Hawk Upgrade
2005-BLACK HAWK UPGRADE,2005,BLACK HAWK UPGRADE,UH-60M Black Hawk Upgrade
2006-BLACK HAWK UPGRADE,2006,BLACK HAWK UPGRADE,UH-60M Black Hawk Upgrade
2007-BLACK HAWK UPGRADE (UH-60M),2007,BLACK HAWK UPGRADE (UH-60M),UH-60M Black Hawk Upgrade
2008-BLACK HAWK UPGRADE (UH-60M),2008,BLACK HAWK UPGRADE (UH-60M),UH-60M Black Hawk Upgrade
2009-BLACK HAWK UPGRADE (UH-60M),2009,BLACK HAWK UPGRADE (UH-60M),UH-60M Black Hawk Upgrade
2010-BLACK HAWK UPGRADE (UH-60M),2010,BLACK HAWK UPGRADE (UH-60M),UH-60M Black Hawk Upgrade
2001-V-22,2001,V-22,V-22
2002-V-22,2002,V-22,V-22
2003-V-22,2003,V-22,V-22
2004-V-22,2004,V-22,V-22
2005-V-22,2005,V-22,V-22
2006-V-22,2006,V-22,V-22
2007-V-22,2007,V-22,V-22
2008-V-22,2008,V-22,V-22
2009-V-22,2009,V-22,V-22
2010-V-22,2010,V-22,V-22
2011-V-22,2011,V-22,V-22
2006-VH-71,2006,VH-71,VH-71
2007-VH-71,2007,VH-71,VH-71
2008-VH-71,2008,VH-71,VH-71
2007-VTUAV,2007,VTUAV,VTUAV
2008-VTUAV,2008,VTUAV,VTUAV
2009-VTUAV,2009,VTUAV,VTUAV
2010-VTUAV,2010,VTUAV,VTUAV
2011-VTUAV,2011,VTUAV,VTUAV
2001-WIDEBAND GAP FILLER,2001,WIDEBAND GAP FILLER,WGS
2002-WIDEBAND GAPFILLER,2002,WIDEBAND GAPFILLER,WGS
2003-WIDEBAND GAPFILLER,2003,WIDEBAND GAPFILLER,WGS
2004-WIDEBAND GAPFILLER,2004,WIDEBAND GAPFILLER,WGS
2005-WIDEBAND GAPFILLER,2005,WIDEBAND GAPFILLER,WGS
2006-WIDEBAND GAPFILLER,2006,WIDEBAND GAPFILLER,WGS
2007-WGS,2007,WGS,WGS
2008-WGS,2008,WGS,WGS
2009-WGS,2009,WGS,WGS
2010-WGS,2010,WGS,WGS
2011-WGS,2011,WGS,WGS
2003-WIN-T,2003,WIN-T,WIN-T Increment 1
2004-WIN-T,2004,WIN-T,WIN-T Increment 1
2005-WIN-T,2005,WIN-T,WIN-T Increment 1
2006-WIN-T,2006,WIN-T,WIN-T Increment 1
2007-WIN-T INCREMENT 1,2007,WIN-T INCREMENT 1,WIN-T Increment 1
2008-WIN-T INCREMENT 1,2008,WIN-T INCREMENT 1,WIN-T Increment 1
2009-WIN-T INC 1,2009,WIN-T INC 1,WIN-T Increment 1
2009-WIN-T INCREMENT 1,2009,WIN-T INCREMENT 1,WIN-T Increment 1
2010-WIN-T INCREMENT 1,2010,WIN-T INCREMENT 1,WIN-T Increment 1
2011-WIN-T INCREMENT 1,2011,WIN-T INCREMENT 1,WIN-T Increment 1
2007-WIN-T INCREMENT 2,2007,WIN-T INCREMENT 2,WIN-T Increment 2
2008-WIN-T INCREMENT 2,2008,WIN-T INCREMENT 2,WIN-T Increment 2
2009-WIN-T INC 2,2009,WIN-T INC 2,WIN-T Increment 2
2009-WIN-T INCREMENT 2,2009,WIN-T INCREMENT 2,WIN-T Increment 2
2010-WIN-T INCREMENT 2,2010,WIN-T INCREMENT 2,WIN-T Increment 2
2011-WIN-T INCREMENT 2,2011,WIN-T INCREMENT 2,WIN-T Increment 2
2010-WIN-T INCREMENT 3,2010,WIN-T INCREMENT 3,WIN-T Increment 3
2011-WIN-T INCREMENT 3,2011,WIN-T INCREMENT 3,WIN-T Increment 3
