SARdate,Component,SARprogram,BaselineYear,BaseLineType,BaselineEstimateBaselineYear,BaselineEstimateThenYear,BaselineEstimateQuantity,ChangesToDateBaselineYear,ChangesToDateThenYear,ChangesToDateQuantity,CurrentEstimateBaselineYear,CurrentEstimateThenYear,CurrentEstimateQuantity,PrecntChangeToDateAdjustedForQuantityConstant,PrecntChangeToDateAdjustedForQuantityThenYear
12/1/2001,ARMY,ABRAMS UPGRADE,1995,PdE," 6,991.90 "," 7,961.90 "," 1,060.00 "," 1,468.70 "," 1,134.20 ", 95.00 ," 8,460.60 "," 9,096.10 "," 1,155.00 ", 13.10 , 6.50 
12/1/2001,ARMY,ATACMS-BAT,1991,DE," 3,867.70 "," 5,287.70 "," 32,799.00 "," 1,213.80 "," 1,227.60 "," (15,371.00)"," 5,081.50 "," 6,515.30 "," 17,428.00 ", 70.90 , 76.10 
12/1/2001,ARMY,ATIRCM/CMWS,1996,DE," 2,628.40 "," 3,361.60 "," 3,094.00 ", (356.80), (510.20)," (2,016.00)"," 2,271.60 "," 2,851.40 "," 1,078.00 ", 38.90 , 43.10 
12/1/2001,ARMY,BRADLEY UPGRADE,2001,PdE," 3,724.20 "," 3,859.80 ", 926.00 , 349.80 , 386.00 , 111.00 ," 4,074.00 "," 4,245.80 "," 1,037.00 ", 1.70 , 1.60 
12/1/2001,ARMY,CGS,2000,DE/PdE, 812.70 , 820.20 , 96.00 , (19.80), (23.10), - , 792.90 , 797.10 , 96.00 , 0.10 , (0.30)
12/1/2001,ARMY,CH-47F,1997,DE," 2,523.60 "," 3,115.40 ", 302.00 ," 2,864.60 "," 3,598.40 ", 37.00 ," 5,388.20 "," 6,713.80 ", 339.00 , 95.50 , 95.10 
12/1/2001,ARMY,COMANCHE,2000,DE," 37,936.10 "," 48,134.30 "," 1,213.00 "," 1,240.70 ", (228.70), - ," 39,176.80 "," 47,905.60 "," 1,213.00 ", 3.40 , (0.40)
12/1/2001,ARMY,CRUSADER (RDT&E),1995,PE," 2,357.00 "," 2,780.00 ", - ," 1,458.00 "," 1,506.30 ", - ," 3,815.00 "," 4,286.30 ", - , 54.10 , 46.80 
12/1/2001,ARMY,FBCB2,2000,DE," 2,281.00 "," 2,617.90 "," 59,522.00 ", 154.00 , 199.50 ," (3,057.00)"," 2,435.00 "," 2,817.40 "," 56,465.00 ", 9.90 , 11.30 
12/1/2001,ARMY,FMTV,1996,PdE," 11,594.20 "," 18,921.30 "," 85,488.00 "," 2,657.70 ", (846.90)," (2,303.00)"," 14,251.90 "," 18,074.40 "," 83,185.00 ", 24.00 , (1.40)
12/1/2001,ARMY,IAV,2000,DE," 6,480.80 "," 7,120.20 "," 2,131.00 ", (134.00), (175.80), - ," 6,346.80 "," 6,944.40 "," 2,131.00 ", (2.00), (2.30)
12/1/2001,ARMY,JAVELIN,1997,PdE," 3,791.10 "," 3,926.00 "," 28,501.00 ", 338.00 , 293.70 ," (2,650.00)"," 4,129.10 "," 4,219.70 "," 25,851.00 ", 5.80 , 5.20 
12/1/2001,ARMY,LONGBOW APACHE,1996,PdE," 7,389.70 "," 8,729.20 ", 985.00 , 945.00 , 122.30 , (257.00)," 8,334.70 "," 8,851.50 ", 728.00 , 41.20 , 29.20 
12/1/2001,ARMY,LONGBOW HELLFIRE,1996,PdE," 2,352.00 "," 2,635.60 "," 13,311.00 ", 131.20 , (11.80), (406.00)," 2,483.20 "," 2,623.80 "," 12,905.00 ", 7.50 , 1.70 
12/1/2001,ARMY,MCS,1980,DE, 106.90 , 232.10 , 947.00 , 364.50 , 807.20 ," 8,777.00 ", 471.40 ," 1,039.30 "," 9,724.00 ", (55.50), (59.50)
12/1/2001,ARMY,MLRS UPGRADE,1998,DE," 3,345.50 "," 3,900.40 "," 44,039.00 "," 6,216.00 "," 8,498.10 "," 96,292.00 "," 9,561.50 "," 12,398.50 "," 140,331.00 ", 81.40 , 83.20 
12/1/2001,ARMY,PATRIOT PAC-3,1988,DE," 4,798.80 "," 6,381.60 "," 1,254.00 "," 3,817.40 "," 5,424.20 ", (55.00)," 8,616.20 "," 11,805.80 "," 1,199.00 ", 62.50 , 77.20 
12/1/2001,ARMY,SADARM,1989,DE, 485.70 , 535.10 ," 10,288.00 ", 139.00 , 204.80 ," (9,036.00)", 624.70 , 739.90 ," 1,252.00 ", 28.90 , 389.00 
12/1/2001,ARMY,SMART-T,1999,PdE, 766.50 , 780.40 , 313.00 , (18.90), (5.90), 7.00 , 747.60 , 774.50 , 320.00 , (9.90), (8.90)
12/1/2001,ARMY,Army Subtotal,,," 104,233.80 "," 131,100.70 ",," 22,828.90 "," 21,599.90 ",," 127,062.70 "," 152,700.60 ",, 20.70 , 13.40 
,,,,,,,,,,,,,,,
,,,,,,,,,,,,,,,
12/1/2001,NAVY,AAAV,1993,DE," 6,650.40 "," 8,725.20 "," 1,025.00 ", 609.00 , 915.10 , - ," 7,259.40 "," 9,640.30 "," 1,025.00 ", 9.20 , 10.50 
12/1/2001,NAVY,AESA,2000,DE, 494.80 , 525.20 , - , (23.50), (24.90), - , 471.30 , 500.30 , - , (4.70), (4.70)
12/1/2001,NAVY,AIM-9X,1997,DE," 2,464.00 "," 3,232.90 "," 10,049.00 ", (39.50), (275.60), 93.00 ," 2,424.50 "," 2,957.30 "," 10,142.00 ", (2.10), (9.10)
12/1/2001,NAVY,AV-8B REMAN,1994,PdE," 1,843.00 "," 2,158.40 ", 73.00 , 148.60 , 8.20 , 1.00 ," 1,991.60 "," 2,166.60 ", 74.00 , 6.90 , (0.60)
12/1/2001,NAVY,CEC,1995,DE," 2,221.90 "," 2,573.10 ", 183.00 ," 1,451.30 "," 1,665.30 ", 89.00 ," 3,673.20 "," 4,238.40 ", 272.00 , 47.80 , 38.90 
12/1/2001,NAVY,CVN-68 Class,1995,PdE," 8,467.90 "," 9,838.00 ", 2.00 , 964.10 , 327.00 , - ," 9,432.00 "," 10,165.00 ", 2.00 , 11.40 , 3.30 
12/1/2001,NAVY,CVNX (RDT&E),2000,PE," 3,159.80 "," 3,587.60 ", - , 196.10 , 243.60 , - ," 3,355.90 "," 3,831.20 ", - , 6.20 , 6.80 
12/1/2001,NAVY,DD(X) (RDT&E),1996,PE," 1,754.00 "," 2,089.00 ", - ," 7,559.50 "," 8,720.70 ", - ," 9,313.50 "," 10,809.70 ", - , 431.00 , 417.50 
12/1/2001,NAVY,DDG 51,1987,PdE," 16,953.70 "," 20,117.50 ", 23.00 ," 32,116.40 "," 45,909.20 ", 41.00 ," 49,070.10 "," 66,026.70 ", 64.00 , 14.20 , 11.80 
12/1/2001,NAVY,E-2C REPRO,1994,PdE," 2,627.70 "," 3,187.90 ", 36.00 , 881.20 , 724.60 , 5.00 ," 3,508.90 "," 3,912.50 ", 41.00 , 19.90 , 10.30 
12/1/2001,NAVY,F/A-18 E/F,2000,PdE," 43,489.60 "," 46,825.70 ", 548.00 ," 1,800.10 "," 1,965.40 ", - ," 45,289.70 "," 48,791.10 ", 548.00 , 4.00 , 4.10 
12/1/2001,NAVY,JSOW,1990,DE," 6,927.20 "," 11,205.90 "," 23,924.00 "," (1,904.80)"," (4,132.70)"," (4,810.00)"," 5,022.40 "," 7,073.20 "," 19,114.00 ", (18.00), (28.20)
12/1/2001,NAVY,LHD 1,1982,DE," 2,931.80 "," 4,451.00 ", 3.00 ," 4,305.50 "," 5,320.00 ", 5.00 ," 7,237.30 "," 9,771.00 ", 8.00 , 1.10 , (14.30)
12/1/2001,NAVY,LPD 17,1996,DE," 9,018.10 "," 10,761.80 ", 12.00 ," 3,921.40 "," 4,618.90 ", - ," 12,939.50 "," 15,380.70 ", 12.00 , 43.50 , 42.10 
12/1/2001,NAVY,MH-60R,1993,DE," 4,020.50 "," 5,636.40 ", 188.00 ," 3,135.70 "," 3,760.50 ", 55.00 ," 7,156.20 "," 9,396.90 ", 243.00 , 52.00 , 43.10 
12/1/2001,NAVY,MH-60S,1998,DE," 2,769.00 "," 3,154.00 ", 166.00 ," 1,933.70 "," 2,233.50 ", 71.00 ," 4,702.70 "," 5,387.50 ", 237.00 , 27.20 , 25.00 
12/1/2001,NAVY,MIDS-LVT,1992,DE, 924.90 ," 1,119.50 ", 672.00 , 446.50 , 502.20 ," 1,990.00 "," 1,371.40 "," 1,621.70 "," 2,662.00 ", 6.40 , 2.10 
12/1/2001,NAVY,NESP,1990,PdE," 1,876.60 "," 2,373.70 ", 393.00 , (129.30), (380.40), 103.00 ," 1,747.30 "," 1,993.30 ", 496.00 , (13.70), (21.80)
12/1/2001,NAVY,SSN 774 (VA CLASS),1995,DE," 45,633.10 "," 71,080.80 ", 30.00 ," 12,836.60 "," 2,359.30 ", - ," 58,469.70 "," 73,440.10 ", 30.00 , 28.10 , 3.30 
12/1/2001,NAVY,STD MSL 2,1984,DE," 8,770.10 "," 11,067.20 "," 13,778.00 ", (530.30), (992.20)," (2,113.00)"," 8,239.80 "," 10,075.00 "," 11,665.00 ", 12.70 , 21.40 
12/1/2001,NAVY,T-45TS,1995,PdE," 5,528.10 "," 5,599.50 ", 176.00 , 176.10 , (29.90), 7.00 ," 5,704.20 "," 5,569.60 ", 183.00 , 1.00 , (1.70)
12/1/2001,NAVY,T-AKE,2000,," 4,262.60 "," 4,890.20 ", 12.00 , 37.60 , 15.40 , - ," 4,300.20 "," 4,905.60 ", 12.00 , 0.90 , 0.30 
12/1/2001,NAVY,TACTICAL TOMAHAWK,1999,DE," 1,683.70 "," 1,863.40 "," 1,365.00 ", 313.10 , 306.50 , 360.00 ," 1,996.80 "," 2,169.90 "," 1,725.00 ", 5.70 , 3.30 
12/1/2001,NAVY,TRIDENT II MSL,1983,PdE," 26,556.30 "," 35,518.50 ", 845.00 , (612.60)," 2,025.40 ", (277.00)," 25,943.70 "," 37,543.90 ", 568.00 , 14.30 , 29.30 
12/1/2001,NAVY,USMC H-1 UPGRADES,1996,DE," 2,792.50 "," 3,547.50 ", 284.00 ," 2,350.70 "," 2,687.10 ", - ," 5,143.20 "," 6,234.60 ", 284.00 , 84.20 , 75.70 
12/1/2001,NAVY,V-22,1986,DE," 23,073.00 "," 29,662.30 ", 913.00 ," 6,431.70 "," 16,578.50 ", (455.00)," 29,504.70 "," 46,240.80 ", 458.00 , 30.50 , 11.50 
12/1/2001,NAVY,Navy Subtotal,,," 236,894.30 "," 304,792.20 ",," 78,374.90 "," 95,050.70 ",," 315,269.20 "," 399,842.90 ",, 19.50 , 9.70 
,,,,,,,,,,,,,,,
,,,,,,,,,,,,,,,
12/1/2001,AIR FORCE,AEHF,2002,PE/DE," 3,798.10 "," 4,071.00 ", 2.00 ," 1,451.20 "," 1,490.30 ", 3.00 ," 5,249.30 "," 5,561.30 ", 5.00 , 38.20 , 36.60 
12/1/2001,AIR FORCE,AMRAAM,1992,PdE," 12,278.20 "," 13,112.40 "," 15,450.00 "," (2,005.50)"," (2,728.20)"," (4,533.00)"," 10,272.70 "," 10,384.20 "," 10,917.00 ", (0.40), 2.50 
12/1/2001,AIR FORCE,AWACS RSIP (E-3),1997,PdE, 890.10 , 891.30 , 32.00 , 126.10 , 115.00 , - ," 1,016.20 "," 1,006.30 ", 32.00 , 14.20 , 12.90 
12/1/2001,AIR FORCE,B-1 CMUP,1995,DE, 334.40 ," 1,115.20 ", 198.00 , 477.90 , 448.70 , (78.00), 812.30 ," 1,563.90 ", 120.00 , 401.70 , 73.90 
12/1/2001,AIR FORCE,C-130J,1996,PdE, 730.70 , 839.70 , 11.00 ," 11,890.90 "," 14,831.50 ", 157.00 ," 12,621.60 "," 15,671.20 ", 168.00 , 12.10 , 10.00 
12/1/2001,AIR FORCE,C-17A,1996,PdE," 41,250.90 "," 41,811.90 ", 210.00 ," 14,901.00 "," 17,186.40 ", (30.00)," 56,151.90 "," 58,998.30 ", 180.00 , 44.90 , 54.90 
12/1/2001,AIR FORCE,EELV,1995,DE," 13,116.60 "," 17,347.80 ", 181.00 ," 1,118.30 "," 1,037.30 ", 1.00 ," 14,234.90 "," 18,385.10 ", 182.00 , 7.50 , 5.10 
12/1/2001,AIR FORCE,F-22,1990,DE," 60,270.00 "," 99,109.00 ", 648.00 ," (6,140.80)"," (29,387.60)", (307.00)," 54,129.20 "," 69,721.40 ", 341.00 , 21.40 , 6.30 
12/1/2001,AIR FORCE,GBS,1997,DE, 451.40 , 497.10 , 346.00 , 147.70 , 148.60 , 402.00 , 599.10 , 645.70 , 748.00 , 1.20 , (1.40)
12/1/2001,AIR FORCE,GLOBAL HAWK,2000,DE," 4,350.30 "," 5,394.00 ", 63.00 ," 1,626.50 "," 1,452.60 ", (12.00)," 5,976.80 "," 6,846.60 ", 51.00 , 53.40 , 44.30 
12/1/2001,AIR FORCE,JASSM,1995,DE," 1,749.50 "," 2,073.30 "," 2,469.00 ", 824.80 ," 1,046.30 "," 1,319.00 "," 2,574.30 "," 3,119.60 "," 3,788.00 ", 14.30 , 11.30 
12/1/2001,AIR FORCE,JDAM,1995,DE/PdE," 2,580.90 "," 3,392.30 "," 88,126.00 ", 809.80 , 473.10 ," 48,623.00 "," 3,390.70 "," 3,865.40 "," 136,749.00 ", (4.40), (15.20)
12/1/2001,AIR FORCE,JPATS,2002,DE/PdE," 3,086.80 "," 4,050.60 ", 712.00 ," 1,510.50 ", 976.10 , 71.00 ," 4,597.30 "," 5,026.70 ", 783.00 , 33.80 , 13.50 
12/1/2001,AIR FORCE,JSTARS,1998,PdE," 9,932.30 "," 9,762.10 ", 20.00 , 1.30 , (134.10), (2.00)," 9,933.60 "," 9,628.00 ", 18.00 , 4.90 , 5.20 
12/1/2001,AIR FORCE,MINUTEMAN III GRP,1993,DE/PdE," 1,463.60 "," 1,636.20 ", 652.00 , 670.20 , 836.70 , (30.00)," 2,133.80 "," 2,472.90 ", 622.00 , 52.70 , 58.70 
12/1/2001,AIR FORCE,MINUTEMAN III PRP,1994,PdE," 2,086.80 "," 2,600.80 ", 607.00 , (147.50), (329.30), (1.00)," 1,939.30 "," 2,271.50 ", 606.00 , (7.00), (12.60)
12/1/2001,AIR FORCE,NAS,1990,DE, 573.30 , 791.10 , 53.00 , 257.00 , 321.60 , 37.00 , 830.30 ," 1,112.70 ", 90.00 , 6.30 , 3.20 
12/1/2001,AIR FORCE,NAVSTAR GPS,1979,PdE," 9,967.70 "," 13,177.80 "," 27,412.00 ", 319.60 ," 1,117.20 "," 226,253.00 "," 10,287.30 "," 14,295.00 "," 253,665.00 ", (4.50), (11.20)
12/1/2001,AIR FORCE,NPOESS (RDT&E),1996,PE," 4,314.20 "," 5,329.00 ", 5.00 , 239.80 , 37.50 , 1.00 ," 4,554.00 "," 5,366.50 ", 6.00 , 1.10 , (3.60)
12/1/2001,AIR FORCE,SBIRS (High),1995,DE," 3,679.50 "," 4,147.30 ", 5.00 ," 2,257.40 "," 2,596.20 ", - ," 5,936.90 "," 6,743.50 ", 5.00 , 60.20 , 61.50 
12/1/2001,AIR FORCE,TITAN IV,1985,DE," 2,150.50 "," 2,529.20 ", 10.00 ," 11,429.80 "," 14,955.40 ", 29.00 ," 13,580.30 "," 17,484.60 ", 39.00 , 227.10 , 439.80 
12/1/2001,AIR FORCE,WIDEBAND GAP FILLER,2001,PdE, 980.40 ," 1,042.50 ", 3.00 , (137.70), (165.60), - , 842.70 , 876.90 , 3.00 , (14.00), (15.90)
12/1/2001,AIR FORCE,Air Force Subtotal,,," 180,036.20 "," 234,721.60 ",," 41,628.30 "," 26,325.70 ",," 221,664.50 "," 261,047.30 ",, 26.90 , 20.00 
,,,,,,,,,,,,,,,
,,,,,,,,,,,,,,,
12/1/2001,DoD,CHEM DEMIL-COMBINED,1994,PdE," 13,471.10 "," 15,310.30 ", 15.00 ," 6,823.70 "," 8,391.70 ", - ," 20,294.80 "," 23,702.00 ", 15.00 , 50.70 , 54.80 
12/1/2001,DoD,JSF,2002,PE/DE," 64,659.80 "," 221,400.00 ", - ," 12,870.80 "," 5,058.30 "," 2,866.00 "," 177,530.60 "," 226,458.30 "," 2,866.00 ", 7.80 , 2.30 
12/1/2001,DoD,JSIMS,2001,DE," 1,281.60 "," 1,316.70 ", 1.00 , (21.70), (23.40), - ," 1,259.90 "," 1,293.30 ", 1.00 , (1.70), (1.80)
12/1/2001,DoD,DoD Subtotal,,," 179,412.50 "," 238,027.00 ",," 19,672.80 "," 13,426.60 ",," 199,085.30 "," 251,453.60 ",, 10.90 , 5.30 
12/1/2001,Total,Grand Total,,," 700,576.80 "," 908,641.50 ",," 162,504.90 "," 156,402.90 ",," 863,081.70 "," 1,065,044.40 ",, 19.30 , 11.40 
,,,,,,,,,,,,,,,
,,,,,,,,,,,,,,,
,,,,,,,,,,,,,,,
,,,,,,,,,,,,,,,
,,,,,,,,,,,,,,,
,,,,,,,,,,,,,,,
12/1/2002,ARMY,ABRAMS UPGRADE,1995,PdE," 6,991.90 "," 7,961.90 "," 1,060.00 ", 141.00 , (525.90), 95.00 ," 7,132.90 "," 7,436.00 "," 1,155.00 ", 25.80 , 21.60 
12/1/2002,ARMY,ATACMS-BAT,1991,DE," 3,867.70 "," 5,287.70 "," 32,799.00 "," (1,707.00)"," (2,857.50)"," (31,337.00)"," 2,160.70 "," 2,430.20 "," 1,462.00 ", 29.10 , 65.40 
12/1/2002,ARMY,ATIRCM/CMWS,1996,DE," 2,628.40 "," 3,361.60 "," 3,094.00 ", 366.50 , 541.90 , (390.00)," 2,994.90 "," 3,903.50 "," 2,704.00 ", 50.20 , 63.60 
12/1/2002,ARMY,BLACK HAWK UPGRADE,2001,DE," 10,663.00 "," 14,662.00 "," 1,221.00 ", 614.00 , (324.20), - ," 11,277.00 "," 14,337.80 "," 1,221.00 ", 5.80 , (2.20)
12/1/2002,ARMY,BRADLEY UPGRADE,2001,PdE," 3,724.20 "," 3,859.80 ", 926.00 , (945.20)," (1,077.00)", (331.00)," 2,779.00 "," 2,782.80 ", 595.00 , (1.20), (2.00)
12/1/2002,ARMY,CH-47F,1997,DE," 2,523.60 "," 3,115.40 ", 302.00 ," 3,193.00 "," 4,061.30 ", 37.00 ," 5,716.60 "," 7,176.70 ", 339.00 , 107.40 , 108.60 
12/1/2002,ARMY,COMANCHE,2000,DE," 37,936.10 "," 48,134.30 "," 1,213.00 "," (5,032.60)"," (9,810.60)", (563.00)," 32,903.50 "," 38,323.70 ", 650.00 , 13.10 , 8.20 
12/1/2002,ARMY,FBCB2,2000,DE," 2,281.00 "," 2,617.90 "," 59,522.00 ", 53.70 , 15.00 ," (3,057.00)"," 2,334.70 "," 2,632.90 "," 56,465.00 ", 5.30 , 4.00 
12/1/2002,ARMY,FMTV,1996,PdE," 11,594.20 "," 18,921.30 "," 85,488.00 "," 3,541.80 ", 348.80 ," (2,303.00)"," 15,136.00 "," 19,270.10 "," 83,185.00 ", 31.70 , 5.20 
12/1/2002,ARMY,GMLRS,1996,DE," 1,395.70 "," 1,688.60 "," 43,182.00 "," 7,784.80 "," 10,143.30 "," 96,822.00 "," 9,180.50 "," 11,831.90 "," 140,004.00 ", 109.60 , 102.40 
12/1/2002,ARMY,JAVELIN,1997,PdE," 3,791.10 "," 3,926.00 "," 28,501.00 ", 177.60 , 80.30 ," (5,075.00)"," 3,968.70 "," 4,006.30 "," 23,426.00 ", 6.90 , 5.80 
12/1/2002,ARMY,JTRS CLUSTER 1,2002,DE," 14,437.20 "," 19,112.90 "," 108,388.00 ", (81.60), (110.80), 26.00 ," 14,355.60 "," 19,002.10 "," 108,414.00 ", (0.60), (0.60)
12/1/2002,ARMY,LONGBOW APACHE,1996,PdE," 7,389.70 "," 8,729.20 ", 985.00 ," 1,222.20 ", 375.70 , (257.00)," 8,611.90 "," 9,104.90 ", 728.00 , 45.90 , 32.90 
12/1/2002,ARMY,LONGBOW HELLFIRE,1996,PdE," 2,352.00 "," 2,635.60 "," 13,311.00 ", 103.80 , (60.30), (406.00)," 2,455.80 "," 2,575.30 "," 12,905.00 ", 6.30 , (0.20)
12/1/2002,ARMY,MCS,1980,DE, 106.90 , 232.10 , 947.00 , 503.10 ," 1,103.70 "," 7,682.00 ", 610.00 ," 1,335.80 "," 8,629.00 ", (40.90), (46.50)
12/1/2002,ARMY,PATRIOT PAC-3,2002,DE/PdE," 6,585.40 "," 6,381.60 "," 1,254.00 "," 6,049.40 "," 6,265.80 ", 33.00 ," 12,634.80 "," 12,647.40 "," 1,287.00 ", 65.00 , 79.00 
12/1/2002,ARMY,SMART-T,1999,PdE, 766.50 , 780.40 , 313.00 , 162.50 , 190.60 , (12.00), 929.00 , 971.00 , 301.00 , 23.20 , 26.40 
12/1/2002,ARMY,STRYKER (IAV),2000,DE," 6,480.80 "," 7,120.20 "," 2,131.00 ", 195.60 , 58.90 , (10.00)," 6,676.40 "," 7,179.10 "," 2,121.00 ", 3.50 , 1.30 
12/1/2002,ARMY,Army Subtotal,,," 125,515.40 "," 158,528.50 ",," 16,342.60 "," 8,419.00 ",," 141,858.00 "," 166,947.50 ",, 23.30 , 15.90 
,,,,,,,,,,,,,,,
,,,,,,,,,,,,,,,
12/1/2002,NAVY,AAAV,1993,DE," 6,650.40 "," 8,725.20 "," 1,025.00 "," 1,438.60 "," 1,897.60 ", - ," 8,089.00 "," 10,622.80 "," 1,025.00 ", 21.60 , 21.70 
12/1/2002,NAVY,AESA (RDT&E),2000,DE, 494.80 , 525.20 , - , 26.40 , 21.10 , - , 521.20 , 546.30 , - , 5.30 , 4.00 
12/1/2002,NAVY,AIM-9X,1997,DE," 2,464.00 "," 3,232.90 "," 10,049.00 ", 50.80 , (224.90), 93.00 ," 2,514.80 "," 3,008.00 "," 10,142.00 ", 1.50 , (7.50)
12/1/2002,NAVY,AV-8B REMANUFACTURE,1994,PdE," 1,843.00 "," 2,158.40 ", 73.00 , 156.00 , 10.70 , 1.00 ," 1,999.00 "," 2,169.10 ", 74.00 , 7.30 , (0.50)
12/1/2002,NAVY,CEC,2002,PdE," 4,123.30 "," 4,310.70 ", 272.00 , 272.60 , 263.50 , 29.00 ," 4,395.90 "," 4,574.20 ", 301.00 , 4.50 , 4.00 
12/1/2002,NAVY,CVN 21 (RDT&E Only),2000,PE," 3,159.80 "," 3,587.60 ", - , 172.20 , 48.20 , - ," 3,332.00 "," 3,635.80 ", - , 5.40 , 1.30 
12/1/2002,NAVY,CVN 68,1995,PdE," 8,467.90 "," 9,838.00 ", 2.00 ," 1,104.80 ", 450.30 , - ," 9,572.70 "," 10,288.30 ", 2.00 , 13.00 , 4.60 
12/1/2002,NAVY,DD(X) (RDT&E Only),1996,PE," 1,754.00 "," 2,089.00 ", - ," 7,370.30 "," 8,290.00 ", 1.00 ," 9,124.30 "," 10,379.00 ", 1.00 , 420.20 , 396.80 
12/1/2002,NAVY,DDG 51,1987,PdE," 16,953.70 "," 20,117.50 ", 23.00 ," 30,483.20 "," 42,685.20 ", 39.00 ," 47,436.90 "," 62,802.70 ", 62.00 , 13.90 , 10.10 
12/1/2002,NAVY,E-2C REPRODUCTION,1994,PdE," 2,627.70 "," 3,187.90 ", 36.00 ," 1,251.50 "," 1,147.80 ", 8.00 ," 3,879.20 "," 4,335.70 ", 44.00 , 24.90 , 15.10 
12/1/2002,NAVY,F/A-18 E/F,2000,PdE," 43,489.60 "," 46,825.70 ", 548.00 ," 4,084.60 "," 3,924.50 ", 4.00 ," 47,574.20 "," 50,750.20 ", 552.00 , 8.80 , 7.80 
12/1/2002,NAVY,JSOW,1990,DE," 6,927.20 "," 11,205.90 "," 23,924.00 "," (3,291.60)"," (6,247.00)"," (9,113.00)"," 3,635.60 "," 4,958.90 "," 14,811.00 ", (31.90), (42.70)
12/1/2002,NAVY,LHD 1,1982,DE," 2,931.80 "," 4,451.00 ", 3.00 ," 4,393.70 "," 5,433.00 ", 5.00 ," 7,325.50 "," 9,884.00 ", 8.00 , 2.30 , (13.30)
12/1/2002,NAVY,LPD 17,1996,DE," 9,018.10 "," 10,761.80 ", 12.00 ," 4,381.50 "," 4,849.80 ", - ," 13,399.60 "," 15,611.60 ", 12.00 , 48.60 , 44.20 
12/1/2002,NAVY,MH-60R,1993,DE," 4,020.50 "," 5,636.40 ", 188.00 ," 3,968.20 "," 4,430.30 ", 55.00 ," 7,988.70 "," 10,066.70 ", 243.00 , 69.60 , 53.40 
12/1/2002,NAVY,MH-60S,1998,PdE," 2,769.00 "," 3,154.00 ", 166.00 ," 2,590.10 "," 2,878.20 ", 71.00 ," 5,359.10 "," 6,032.20 ", 237.00 , 45.00 , 40.00 
12/1/2002,NAVY,MIDS-LVT,1992,DE, 924.90 ," 1,119.50 ", 672.00 , 545.50 , 607.00 ," 2,251.00 "," 1,470.40 "," 1,726.50 "," 2,923.00 ", 6.10 , 1.90 
12/1/2002,NAVY,NESP,1990,PdE," 1,876.60 "," 2,373.70 ", 393.00 , (74.70), (310.60), 127.00 ," 1,801.90 "," 2,063.10 ", 520.00 , (12.60), (20.60)
12/1/2002,NAVY,SM 2,1984,DE," 8,770.10 "," 11,067.20 "," 13,778.00 ", (92.60), (217.30)," (2,113.00)"," 8,677.50 "," 10,849.90 "," 11,665.00 ", 18.60 , 30.70 
12/1/2002,NAVY,SSN 774 (VA CLASS),1995,DE," 45,633.10 "," 71,080.80 ", 30.00 ," 19,114.40 "," 10,711.40 ", - ," 64,747.50 "," 81,792.20 ", 30.00 , 41.90 , 15.10 
12/1/2002,NAVY,T-45TS,1995,PdE," 5,528.10 "," 5,599.50 ", 176.00 , 817.90 , 709.40 , 35.00 ," 6,346.00 "," 6,308.90 ", 211.00 , 3.60 , 1.50 
12/1/2002,NAVY,T-AKE,2000,PdE," 4,262.60 "," 4,890.20 ", 12.00 , (254.50), (467.50), (1.00)," 4,008.10 "," 4,422.70 ", 11.00 , 1.80 , (1.50)
12/1/2002,NAVY,TACTICAL TOMAHAWK,1999,DE," 1,683.70 "," 1,863.40 "," 1,365.00 ", 979.90 ," 1,095.50 "," 1,031.00 "," 2,663.60 "," 2,958.90 "," 2,396.00 ", 17.30 , 16.00 
12/1/2002,NAVY,TRIDENT II MSL,1983,PdE," 26,556.30 "," 35,518.50 ", 845.00 , (554.10)," 1,778.20 ", (277.00)," 26,002.20 "," 37,296.70 ", 568.00 , 14.60 , 28.50 
12/1/2002,NAVY,USMC H-1 UPGRADES,1996,DE," 2,792.50 "," 3,547.50 ", 284.00 ," 2,785.40 "," 3,173.70 ", - ," 5,577.90 "," 6,721.20 ", 284.00 , 99.70 , 89.50 
12/1/2002,NAVY,V-22,1986,DE," 23,073.00 "," 29,662.30 ", 913.00 ," 8,160.20 "," 18,600.40 ", (455.00)," 31,233.20 "," 48,262.70 ", 458.00 , 38.10 , 16.30 
12/1/2002,NAVY,Navy Subtotal,,," 238,795.70 "," 306,529.80 ",," 89,880.30 "," 105,538.50 ",," 328,676.00 "," 412,068.30 ",, 24.30 , 12.30 
,,,,,,,,,,,,,,,
,,,,,,,,,,,,,,,
12/1/2002,AIR FORCE,AEHF ,2002,DE," 5,279.20 "," 5,645.30 ", 5.00 , (558.60), (728.40), (2.00)," 4,720.60 "," 4,916.90 ", 3.00 , 6.60 , 5.20 
12/1/2002,AIR FORCE,AMRAAM,1992,PdE," 12,278.20 "," 13,112.40 "," 15,450.00 "," (1,734.90)"," (2,395.00)"," (4,417.00)"," 10,543.30 "," 10,717.40 "," 11,033.00 ", 1.90 , 5.30 
12/1/2002,AIR FORCE,AWACS RSIP (E-3),1997,PdE, 890.10 , 891.30 , 32.00 , 127.10 , 112.00 , - ," 1,017.20 "," 1,003.30 ", 32.00 , 14.30 , 12.60 
12/1/2002,AIR FORCE,B-1B CMUP,1995,DE, 334.40 ," 1,115.20 ", 198.00 , 35.30 , (80.20), (138.00), 369.70 ," 1,035.00 ", 60.00 ," 5,768.30 ", 51.30 
12/1/2002,AIR FORCE,C-130 AMP,2000,DE," 3,333.90 "," 3,965.40 ", 519.00 , 559.00 , 578.50 , (29.00)," 3,892.90 "," 4,543.90 ", 490.00 , 20.80 , 19.60 
12/1/2002,AIR FORCE,C-130J,1996,PdE, 730.70 , 839.70 , 11.00 ," 12,890.60 "," 15,661.60 ", 157.00 ," 13,621.30 "," 16,501.30 ", 168.00 , 21.00 , 15.80 
12/1/2002,AIR FORCE,C-17A,1996,PdE," 41,250.90 "," 41,811.90 ", 210.00 ," 16,728.80 "," 18,529.50 ", (30.00)," 57,979.70 "," 60,341.40 ", 180.00 , 49.70 , 58.40 
12/1/2002,AIR FORCE,C-5 RERP,2000,DE," 8,798.00 "," 11,093.90 ", 126.00 , (243.30), (836.80), (14.00)," 8,554.70 "," 10,257.10 ", 112.00 , 2.80 , (2.20)
12/1/2002,AIR FORCE,EELV,1995,DE," 13,116.60 "," 17,347.80 ", 181.00 ," 2,876.30 "," 2,936.70 ", 1.00 ," 15,992.90 "," 20,284.50 ", 182.00 , 20.80 , 16.00 
12/1/2002,AIR FORCE,F/A-22,1990,DE," 60,270.00 "," 99,109.00 ", 648.00 ," (4,054.50)"," (27,323.70)", (370.00)," 56,215.50 "," 71,785.30 ", 278.00 , 36.20 , 20.70 
12/1/2002,AIR FORCE,GBS,1997,DE, 451.40 , 497.10 , 346.00 , 237.80 , 242.60 , 705.00 , 689.20 , 739.70 ," 1,051.00 ", 1.80 , (1.80)
12/1/2002,AIR FORCE,GLOBAL HAWK,2000,DE," 4,350.30 "," 5,394.00 ", 63.00 , 899.50 , 420.90 , (12.00)," 5,249.80 "," 5,814.90 ", 51.00 , 34.70 , 22.60 
12/1/2002,AIR FORCE,JASSM,1995,DE," 1,749.50 "," 2,073.30 "," 2,469.00 "," 1,603.20 "," 1,977.50 "," 1,965.00 "," 3,352.70 "," 4,050.80 "," 4,434.00 ", 29.20 , 25.00 
12/1/2002,AIR FORCE,JDAM,1995,PdE," 2,300.30 "," 2,606.70 "," 89,065.00 "," 2,734.70 "," 3,148.70 "," 137,890.00 "," 5,035.00 "," 5,755.40 "," 226,955.00 ", 26.70 , 24.30 
12/1/2002,AIR FORCE,JPATS,2002,PdE," 4,529.00 "," 5,041.10 ", 783.00 , 189.70 , 59.30 , - ," 4,718.70 "," 5,100.40 ", 783.00 , 4.20 , 1.20 
12/1/2002,AIR FORCE,JSTARS,1998,PdE," 9,932.30 "," 9,762.10 ", 20.00 , 40.70 , (109.90), (2.00)," 9,973.00 "," 9,652.20 ", 18.00 , 5.30 , 5.40 
12/1/2002,AIR FORCE,MINUTEMAN III GRP,1993,PdE," 2,012.50 "," 2,400.10 ", 652.00 , 157.50 , 94.70 , (11.00)," 2,170.00 "," 2,494.80 ", 641.00 , 10.70 , 6.60 
12/1/2002,AIR FORCE,MINUTEMAN III PRP,1994,PdE," 2,086.80 "," 2,600.80 ", 607.00 , (117.00), (322.70), (1.00)," 1,969.80 "," 2,278.10 ", 606.00 , (5.50), (12.30)
12/1/2002,AIR FORCE,NAS,1990,DE, 573.30 , 791.10 , 53.00 , 503.80 , 666.20 , 39.00 ," 1,077.10 "," 1,457.30 ", 92.00 , 36.20 , 33.50 
12/1/2002,AIR FORCE,NAVSTAR GPS,2000,PdE," 5,813.40 "," 5,995.30 ", 33.00 , 812.60 , 862.00 , 4.00 ," 6,626.00 "," 6,857.30 ", 37.00 , 9.10 , 9.10 
12/1/2002,AIR FORCE,NPOESS ,2002,PdE," 5,538.00 "," 6,117.60 ", 6.00 , 538.50 , 468.20 , - ," 6,076.50 "," 6,585.80 ", 6.00 , 9.70 , 7.70 
12/1/2002,AIR FORCE,SBIRS HIGH,1995,DE," 3,679.50 "," 4,147.30 ", 5.00 ," 3,855.70 "," 4,459.00 ", - ," 7,535.20 "," 8,606.30 ", 5.00 , 103.30 , 106.20 
12/1/2002,AIR FORCE,WIDEBAND GAPFILLER,2001,PdE, 980.40 ," 1,042.50 ", 3.00 , 463.10 , 501.60 , 2.00 ," 1,443.50 "," 1,544.10 ", 5.00 , (6.30), (7.90)
12/1/2002,AIR FORCE,Air Force Subtotal,,," 190,278.70 "," 243,400.90 ",," 38,545.60 "," 18,922.30 ",," 228,824.30 "," 262,323.20 ",, 28.10 , 21.80 
,,,,,,,,,,,,,,,
,,,,,,,,,,,,,,,
12/1/2002,DoD,BMDS (RDT&E Only) ,2002,PE," 44,740.10 "," 47,217.10 ", - ," 14,389.90 "," 15,679.40 ", - ," 59,130.00 "," 62,896.50 ", - , 32.20 , 33.20 
12/1/2002,DoD,CHEM DEMIL-COMBINED,1994,PdE," 13,471.10 "," 15,310.30 "," 32,194.00 "," 7,214.20 "," 8,510.30 ", - ," 20,685.30 "," 23,820.60 "," 32,194.00 ", 53.60 , 55.60 
12/1/2002,DoD,JSF (F-35) ,2002,DE," 75,600.00 "," 231,000.00 "," 2,866.00 "," (14,056.10)"," (31,263.60)", (409.00)," 161,543.90 "," 199,736.40 "," 2,457.00 ", 1.40 , (2.80)
12/1/2002,DoD,JSIMS,2001,DE," 1,281.60 "," 1,316.70 ", 1.00 , (351.10), (385.50), - , 930.50 , 931.20 , 1.00 , (27.40), (29.30)
12/1/2002,DoD,JTRS WAVEFORM,2002,DE, 812.90 , 914.40 , - , (16.60), 30.30 , - , 796.30 , 944.70 , - , (2.00), 3.30 
12/1/2002,DoD,DoD Subtotal,,," 235,905.70 "," 295,758.50 ",," 7,180.30 "," (7,429.10)",," 243,086.00 "," 288,329.40 ",, 10.60 , 6.80 
12/1/2002,Total,Grand Total,,," 790,495.50 "," 1,004,217.70 ",," 151,948.80 "," 125,450.70 ",," 942,444.30 "," 1,129,668.40 ",, 21.20 , 13.50 
